epoch:,0,,Train,Loss:,0.780864,,Train,Acc:,0.091285,,Eval,Loss:,0.603524,,Eval,Acc:,0.095134,,PSNR:,3.808706
epoch:,1,,Train,Loss:,0.501240,,Train,Acc:,0.095532,,Eval,Loss:,0.424261,,Eval,Acc:,0.105320,,PSNR:,4.513153
epoch:,2,,Train,Loss:,0.378811,,Train,Acc:,0.106593,,Eval,Loss:,0.345231,,Eval,Acc:,0.114122,,PSNR:,6.538090
epoch:,3,,Train,Loss:,0.324318,,Train,Acc:,0.114572,,Eval,Loss:,0.309505,,Eval,Acc:,0.119858,,PSNR:,5.772474
epoch:,4,,Train,Loss:,0.299182,,Train,Acc:,0.120086,,Eval,Loss:,0.292481,,Eval,Acc:,0.123121,,PSNR:,7.706866
epoch:,5,,Train,Loss:,0.286779,,Train,Acc:,0.124484,,Eval,Loss:,0.283566,,Eval,Acc:,0.128461,,PSNR:,4.877753
epoch:,6,,Train,Loss:,0.279883,,Train,Acc:,0.130714,,Eval,Loss:,0.278181,,Eval,Acc:,0.134889,,PSNR:,6.452152
epoch:,7,,Train,Loss:,0.275398,,Train,Acc:,0.137460,,Eval,Loss:,0.274325,,Eval,Acc:,0.142405,,PSNR:,7.496711
epoch:,8,,Train,Loss:,0.271990,,Train,Acc:,0.146172,,Eval,Loss:,0.271201,,Eval,Acc:,0.150316,,PSNR:,7.250505
epoch:,9,,Train,Loss:,0.269074,,Train,Acc:,0.156067,,Eval,Loss:,0.268384,,Eval,Acc:,0.161689,,PSNR:,7.794951
epoch:,10,,Train,Loss:,0.266387,,Train,Acc:,0.167211,,Eval,Loss:,0.265732,,Eval,Acc:,0.172765,,PSNR:,7.303233
epoch:,11,,Train,Loss:,0.263839,,Train,Acc:,0.178938,,Eval,Loss:,0.263190,,Eval,Acc:,0.185028,,PSNR:,7.873325
epoch:,12,,Train,Loss:,0.261381,,Train,Acc:,0.191381,,Eval,Loss:,0.260715,,Eval,Acc:,0.197587,,PSNR:,8.450722
epoch:,13,,Train,Loss:,0.258977,,Train,Acc:,0.206057,,Eval,Loss:,0.258260,,Eval,Acc:,0.213014,,PSNR:,6.687260
epoch:,14,,Train,Loss:,0.256635,,Train,Acc:,0.220582,,Eval,Loss:,0.255884,,Eval,Acc:,0.227354,,PSNR:,9.734168
epoch:,15,,Train,Loss:,0.254305,,Train,Acc:,0.234225,,Eval,Loss:,0.253550,,Eval,Acc:,0.242188,,PSNR:,7.242534
epoch:,16,,Train,Loss:,0.252036,,Train,Acc:,0.249217,,Eval,Loss:,0.251278,,Eval,Acc:,0.256032,,PSNR:,9.910022
epoch:,17,,Train,Loss:,0.249803,,Train,Acc:,0.263410,,Eval,Loss:,0.249021,,Eval,Acc:,0.272745,,PSNR:,9.197622
epoch:,18,,Train,Loss:,0.247633,,Train,Acc:,0.278968,,Eval,Loss:,0.246790,,Eval,Acc:,0.284810,,PSNR:,8.877154
epoch:,19,,Train,Loss:,0.245487,,Train,Acc:,0.292327,,Eval,Loss:,0.244640,,Eval,Acc:,0.299248,,PSNR:,7.834221
epoch:,20,,Train,Loss:,0.243385,,Train,Acc:,0.305804,,Eval,Loss:,0.242500,,Eval,Acc:,0.315566,,PSNR:,8.870419
epoch:,21,,Train,Loss:,0.241320,,Train,Acc:,0.319246,,Eval,Loss:,0.240437,,Eval,Acc:,0.327532,,PSNR:,9.420165
epoch:,22,,Train,Loss:,0.239281,,Train,Acc:,0.332306,,Eval,Loss:,0.238347,,Eval,Acc:,0.340684,,PSNR:,8.877612
epoch:,23,,Train,Loss:,0.237287,,Train,Acc:,0.343600,,Eval,Loss:,0.236351,,Eval,Acc:,0.352947,,PSNR:,8.332529
epoch:,24,,Train,Loss:,0.235314,,Train,Acc:,0.356143,,Eval,Loss:,0.234353,,Eval,Acc:,0.364616,,PSNR:,9.182550
epoch:,25,,Train,Loss:,0.233406,,Train,Acc:,0.368487,,Eval,Loss:,0.232417,,Eval,Acc:,0.377373,,PSNR:,8.345948
epoch:,26,,Train,Loss:,0.231490,,Train,Acc:,0.378681,,Eval,Loss:,0.230505,,Eval,Acc:,0.387955,,PSNR:,10.281035
epoch:,27,,Train,Loss:,0.229619,,Train,Acc:,0.389609,,Eval,Loss:,0.228590,,Eval,Acc:,0.398240,,PSNR:,9.994046
epoch:,28,,Train,Loss:,0.227808,,Train,Acc:,0.398521,,Eval,Loss:,0.226775,,Eval,Acc:,0.408030,,PSNR:,8.073632
epoch:,29,,Train,Loss:,0.226016,,Train,Acc:,0.409232,,Eval,Loss:,0.224961,,Eval,Acc:,0.421479,,PSNR:,11.408180
epoch:,30,,Train,Loss:,0.224248,,Train,Acc:,0.418743,,Eval,Loss:,0.223155,,Eval,Acc:,0.427710,,PSNR:,11.114617
epoch:,31,,Train,Loss:,0.222506,,Train,Acc:,0.426939,,Eval,Loss:,0.221406,,Eval,Acc:,0.437599,,PSNR:,10.876008
epoch:,32,,Train,Loss:,0.220808,,Train,Acc:,0.435235,,Eval,Loss:,0.219694,,Eval,Acc:,0.446005,,PSNR:,9.894117
epoch:,33,,Train,Loss:,0.219129,,Train,Acc:,0.444646,,Eval,Loss:,0.217989,,Eval,Acc:,0.455894,,PSNR:,9.161434
epoch:,34,,Train,Loss:,0.217466,,Train,Acc:,0.454008,,Eval,Loss:,0.216352,,Eval,Acc:,0.466377,,PSNR:,11.244079
epoch:,35,,Train,Loss:,0.215846,,Train,Acc:,0.465768,,Eval,Loss:,0.214698,,Eval,Acc:,0.478441,,PSNR:,10.850220
epoch:,36,,Train,Loss:,0.214258,,Train,Acc:,0.476562,,Eval,Loss:,0.213081,,Eval,Acc:,0.491297,,PSNR:,10.546130
epoch:,37,,Train,Loss:,0.212684,,Train,Acc:,0.489539,,Eval,Loss:,0.211504,,Eval,Acc:,0.501681,,PSNR:,10.665844
epoch:,38,,Train,Loss:,0.211143,,Train,Acc:,0.500383,,Eval,Loss:,0.209938,,Eval,Acc:,0.514043,,PSNR:,9.997032
epoch:,39,,Train,Loss:,0.209628,,Train,Acc:,0.514792,,Eval,Loss:,0.208398,,Eval,Acc:,0.525910,,PSNR:,10.798501
epoch:,40,,Train,Loss:,0.208136,,Train,Acc:,0.526553,,Eval,Loss:,0.206894,,Eval,Acc:,0.538766,,PSNR:,11.331793
epoch:,41,,Train,Loss:,0.206667,,Train,Acc:,0.537980,,Eval,Loss:,0.205418,,Eval,Acc:,0.547666,,PSNR:,13.343027
epoch:,42,,Train,Loss:,0.205221,,Train,Acc:,0.548891,,Eval,Loss:,0.203953,,Eval,Acc:,0.560621,,PSNR:,10.970315
epoch:,43,,Train,Loss:,0.203814,,Train,Acc:,0.560701,,Eval,Loss:,0.202542,,Eval,Acc:,0.572290,,PSNR:,13.457156
epoch:,44,,Train,Loss:,0.202390,,Train,Acc:,0.571045,,Eval,Loss:,0.201106,,Eval,Acc:,0.579114,,PSNR:,12.786648
epoch:,45,,Train,Loss:,0.201027,,Train,Acc:,0.578691,,Eval,Loss:,0.199748,,Eval,Acc:,0.589992,,PSNR:,10.870620
epoch:,46,,Train,Loss:,0.199682,,Train,Acc:,0.589236,,Eval,Loss:,0.198383,,Eval,Acc:,0.599288,,PSNR:,10.857815
epoch:,47,,Train,Loss:,0.198339,,Train,Acc:,0.596632,,Eval,Loss:,0.197014,,Eval,Acc:,0.607892,,PSNR:,13.020879
epoch:,48,,Train,Loss:,0.197036,,Train,Acc:,0.606693,,Eval,Loss:,0.195696,,Eval,Acc:,0.615506,,PSNR:,14.020138
epoch:,49,,Train,Loss:,0.195743,,Train,Acc:,0.614256,,Eval,Loss:,0.194392,,Eval,Acc:,0.622330,,PSNR:,13.091037
epoch:,50,,Train,Loss:,0.194469,,Train,Acc:,0.622435,,Eval,Loss:,0.193143,,Eval,Acc:,0.630142,,PSNR:,12.504957
epoch:,51,,Train,Loss:,0.193220,,Train,Acc:,0.628715,,Eval,Loss:,0.191841,,Eval,Acc:,0.637263,,PSNR:,14.112761
epoch:,52,,Train,Loss:,0.191970,,Train,Acc:,0.634761,,Eval,Loss:,0.190628,,Eval,Acc:,0.640427,,PSNR:,13.641571
epoch:,53,,Train,Loss:,0.190769,,Train,Acc:,0.642791,,Eval,Loss:,0.189390,,Eval,Acc:,0.647449,,PSNR:,12.832264
epoch:,54,,Train,Loss:,0.189583,,Train,Acc:,0.649087,,Eval,Loss:,0.188177,,Eval,Acc:,0.654866,,PSNR:,12.085396
epoch:,55,,Train,Loss:,0.188402,,Train,Acc:,0.655234,,Eval,Loss:,0.186991,,Eval,Acc:,0.658920,,PSNR:,12.412067
epoch:,56,,Train,Loss:,0.187235,,Train,Acc:,0.660698,,Eval,Loss:,0.185810,,Eval,Acc:,0.667029,,PSNR:,13.056170
epoch:,57,,Train,Loss:,0.186099,,Train,Acc:,0.665778,,Eval,Loss:,0.184662,,Eval,Acc:,0.671381,,PSNR:,13.395469
epoch:,58,,Train,Loss:,0.184968,,Train,Acc:,0.671225,,Eval,Loss:,0.183530,,Eval,Acc:,0.675336,,PSNR:,13.639496
epoch:,59,,Train,Loss:,0.183852,,Train,Acc:,0.677689,,Eval,Loss:,0.182420,,Eval,Acc:,0.680083,,PSNR:,14.411904
epoch:,60,,Train,Loss:,0.182780,,Train,Acc:,0.681553,,Eval,Loss:,0.181303,,Eval,Acc:,0.684039,,PSNR:,12.835960
epoch:,61,,Train,Loss:,0.181699,,Train,Acc:,0.685384,,Eval,Loss:,0.180224,,Eval,Acc:,0.690170,,PSNR:,13.190292
epoch:,62,,Train,Loss:,0.180635,,Train,Acc:,0.691215,,Eval,Loss:,0.179158,,Eval,Acc:,0.694126,,PSNR:,14.294232
epoch:,63,,Train,Loss:,0.179589,,Train,Acc:,0.695196,,Eval,Loss:,0.178116,,Eval,Acc:,0.701444,,PSNR:,14.087422
epoch:,64,,Train,Loss:,0.178565,,Train,Acc:,0.700010,,Eval,Loss:,0.177090,,Eval,Acc:,0.702433,,PSNR:,14.569229
epoch:,65,,Train,Loss:,0.177553,,Train,Acc:,0.704791,,Eval,Loss:,0.176077,,Eval,Acc:,0.707081,,PSNR:,12.717037
epoch:,66,,Train,Loss:,0.176563,,Train,Acc:,0.708439,,Eval,Loss:,0.175046,,Eval,Acc:,0.708465,,PSNR:,12.299694
epoch:,67,,Train,Loss:,0.175558,,Train,Acc:,0.711204,,Eval,Loss:,0.174037,,Eval,Acc:,0.714893,,PSNR:,13.518348
epoch:,68,,Train,Loss:,0.174601,,Train,Acc:,0.715602,,Eval,Loss:,0.173078,,Eval,Acc:,0.719541,,PSNR:,13.514007
epoch:,69,,Train,Loss:,0.173645,,Train,Acc:,0.719650,,Eval,Loss:,0.172137,,Eval,Acc:,0.721717,,PSNR:,14.143399
epoch:,70,,Train,Loss:,0.172691,,Train,Acc:,0.722981,,Eval,Loss:,0.171163,,Eval,Acc:,0.724486,,PSNR:,15.273615
epoch:,71,,Train,Loss:,0.171756,,Train,Acc:,0.726796,,Eval,Loss:,0.170225,,Eval,Acc:,0.729233,,PSNR:,16.366109
epoch:,72,,Train,Loss:,0.170844,,Train,Acc:,0.729361,,Eval,Loss:,0.169308,,Eval,Acc:,0.730914,,PSNR:,13.336259
epoch:,73,,Train,Loss:,0.169937,,Train,Acc:,0.731793,,Eval,Loss:,0.168381,,Eval,Acc:,0.734672,,PSNR:,15.756606
epoch:,74,,Train,Loss:,0.169049,,Train,Acc:,0.735508,,Eval,Loss:,0.167501,,Eval,Acc:,0.735957,,PSNR:,14.254696
epoch:,75,,Train,Loss:,0.168169,,Train,Acc:,0.737407,,Eval,Loss:,0.166605,,Eval,Acc:,0.739913,,PSNR:,14.517929
epoch:,76,,Train,Loss:,0.167299,,Train,Acc:,0.740655,,Eval,Loss:,0.165731,,Eval,Acc:,0.744066,,PSNR:,15.339486
epoch:,77,,Train,Loss:,0.166441,,Train,Acc:,0.743770,,Eval,Loss:,0.164875,,Eval,Acc:,0.744660,,PSNR:,15.213404
epoch:,78,,Train,Loss:,0.165599,,Train,Acc:,0.746369,,Eval,Loss:,0.164022,,Eval,Acc:,0.748517,,PSNR:,16.303592
epoch:,79,,Train,Loss:,0.164753,,Train,Acc:,0.748717,,Eval,Loss:,0.163182,,Eval,Acc:,0.752373,,PSNR:,15.661008
epoch:,80,,Train,Loss:,0.163933,,Train,Acc:,0.751599,,Eval,Loss:,0.162338,,Eval,Acc:,0.755241,,PSNR:,15.572330
epoch:,81,,Train,Loss:,0.163124,,Train,Acc:,0.753248,,Eval,Loss:,0.161536,,Eval,Acc:,0.757021,,PSNR:,15.085916
epoch:,82,,Train,Loss:,0.162322,,Train,Acc:,0.754914,,Eval,Loss:,0.160711,,Eval,Acc:,0.759691,,PSNR:,15.792180
epoch:,83,,Train,Loss:,0.161532,,Train,Acc:,0.757679,,Eval,Loss:,0.159938,,Eval,Acc:,0.763449,,PSNR:,14.684525
epoch:,84,,Train,Loss:,0.160747,,Train,Acc:,0.759012,,Eval,Loss:,0.159137,,Eval,Acc:,0.764241,,PSNR:,16.802981
epoch:,85,,Train,Loss:,0.159972,,Train,Acc:,0.761361,,Eval,Loss:,0.158372,,Eval,Acc:,0.768790,,PSNR:,16.821033
epoch:,86,,Train,Loss:,0.159214,,Train,Acc:,0.763176,,Eval,Loss:,0.157589,,Eval,Acc:,0.767603,,PSNR:,18.083624
epoch:,87,,Train,Loss:,0.158471,,Train,Acc:,0.764342,,Eval,Loss:,0.156829,,Eval,Acc:,0.769778,,PSNR:,14.958930
epoch:,88,,Train,Loss:,0.157727,,Train,Acc:,0.766791,,Eval,Loss:,0.156105,,Eval,Acc:,0.771954,,PSNR:,16.692343
epoch:,89,,Train,Loss:,0.156999,,Train,Acc:,0.768124,,Eval,Loss:,0.155355,,Eval,Acc:,0.772251,,PSNR:,15.722849
epoch:,90,,Train,Loss:,0.156265,,Train,Acc:,0.769240,,Eval,Loss:,0.154613,,Eval,Acc:,0.775514,,PSNR:,16.216334
epoch:,91,,Train,Loss:,0.155549,,Train,Acc:,0.771505,,Eval,Loss:,0.153916,,Eval,Acc:,0.775910,,PSNR:,16.228920
epoch:,92,,Train,Loss:,0.154848,,Train,Acc:,0.773604,,Eval,Loss:,0.153196,,Eval,Acc:,0.777888,,PSNR:,16.249073
epoch:,93,,Train,Loss:,0.154149,,Train,Acc:,0.774570,,Eval,Loss:,0.152502,,Eval,Acc:,0.779470,,PSNR:,15.800975
epoch:,94,,Train,Loss:,0.153468,,Train,Acc:,0.776236,,Eval,Loss:,0.151825,,Eval,Acc:,0.781151,,PSNR:,15.618524
epoch:,95,,Train,Loss:,0.152787,,Train,Acc:,0.777652,,Eval,Loss:,0.151127,,Eval,Acc:,0.781052,,PSNR:,15.868426
epoch:,96,,Train,Loss:,0.152095,,Train,Acc:,0.778785,,Eval,Loss:,0.150459,,Eval,Acc:,0.785997,,PSNR:,17.370524
epoch:,97,,Train,Loss:,0.151449,,Train,Acc:,0.780834,,Eval,Loss:,0.149773,,Eval,Acc:,0.784711,,PSNR:,15.290365
epoch:,98,,Train,Loss:,0.150803,,Train,Acc:,0.781766,,Eval,Loss:,0.149127,,Eval,Acc:,0.787184,,PSNR:,15.810998
epoch:,99,,Train,Loss:,0.150153,,Train,Acc:,0.782882,,Eval,Loss:,0.148474,,Eval,Acc:,0.790348,,PSNR:,18.079509
epoch:,100,,Train,Loss:,0.149529,,Train,Acc:,0.783649,,Eval,Loss:,0.147828,,Eval,Acc:,0.790249,,PSNR:,15.548688
epoch:,101,,Train,Loss:,0.148883,,Train,Acc:,0.785248,,Eval,Loss:,0.147192,,Eval,Acc:,0.792425,,PSNR:,16.756860
epoch:,102,,Train,Loss:,0.148257,,Train,Acc:,0.786764,,Eval,Loss:,0.146568,,Eval,Acc:,0.790843,,PSNR:,17.025127
epoch:,103,,Train,Loss:,0.147631,,Train,Acc:,0.787780,,Eval,Loss:,0.145957,,Eval,Acc:,0.793809,,PSNR:,16.930361
epoch:,104,,Train,Loss:,0.147023,,Train,Acc:,0.788363,,Eval,Loss:,0.145322,,Eval,Acc:,0.793908,,PSNR:,18.151990
epoch:,105,,Train,Loss:,0.146423,,Train,Acc:,0.789845,,Eval,Loss:,0.144734,,Eval,Acc:,0.793513,,PSNR:,17.240650
epoch:,106,,Train,Loss:,0.145834,,Train,Acc:,0.791844,,Eval,Loss:,0.144116,,Eval,Acc:,0.796776,,PSNR:,17.760544
epoch:,107,,Train,Loss:,0.145238,,Train,Acc:,0.791778,,Eval,Loss:,0.143526,,Eval,Acc:,0.799842,,PSNR:,17.904715
epoch:,108,,Train,Loss:,0.144658,,Train,Acc:,0.792894,,Eval,Loss:,0.142955,,Eval,Acc:,0.799941,,PSNR:,17.683334
epoch:,109,,Train,Loss:,0.144073,,Train,Acc:,0.793710,,Eval,Loss:,0.142377,,Eval,Acc:,0.798161,,PSNR:,17.482646
epoch:,110,,Train,Loss:,0.143505,,Train,Acc:,0.795326,,Eval,Loss:,0.141807,,Eval,Acc:,0.801622,,PSNR:,18.471136
epoch:,111,,Train,Loss:,0.142955,,Train,Acc:,0.795592,,Eval,Loss:,0.141227,,Eval,Acc:,0.803699,,PSNR:,17.546902
epoch:,112,,Train,Loss:,0.142392,,Train,Acc:,0.796842,,Eval,Loss:,0.140698,,Eval,Acc:,0.802413,,PSNR:,17.887402
epoch:,113,,Train,Loss:,0.141835,,Train,Acc:,0.797175,,Eval,Loss:,0.140132,,Eval,Acc:,0.804589,,PSNR:,18.572762
epoch:,114,,Train,Loss:,0.141293,,Train,Acc:,0.798457,,Eval,Loss:,0.139579,,Eval,Acc:,0.805874,,PSNR:,17.613475
epoch:,115,,Train,Loss:,0.140761,,Train,Acc:,0.799174,,Eval,Loss:,0.139046,,Eval,Acc:,0.806665,,PSNR:,17.996494
epoch:,116,,Train,Loss:,0.140215,,Train,Acc:,0.799923,,Eval,Loss:,0.138503,,Eval,Acc:,0.807753,,PSNR:,19.123027
epoch:,117,,Train,Loss:,0.139693,,Train,Acc:,0.801173,,Eval,Loss:,0.137965,,Eval,Acc:,0.809039,,PSNR:,18.538683
epoch:,118,,Train,Loss:,0.139175,,Train,Acc:,0.801506,,Eval,Loss:,0.137458,,Eval,Acc:,0.806962,,PSNR:,17.841249
epoch:,119,,Train,Loss:,0.138659,,Train,Acc:,0.802455,,Eval,Loss:,0.136929,,Eval,Acc:,0.810819,,PSNR:,17.398494
epoch:,120,,Train,Loss:,0.138157,,Train,Acc:,0.803088,,Eval,Loss:,0.136422,,Eval,Acc:,0.809731,,PSNR:,16.821199
epoch:,121,,Train,Loss:,0.137647,,Train,Acc:,0.803705,,Eval,Loss:,0.135906,,Eval,Acc:,0.810324,,PSNR:,18.062070
epoch:,122,,Train,Loss:,0.137145,,Train,Acc:,0.804771,,Eval,Loss:,0.135402,,Eval,Acc:,0.810918,,PSNR:,18.071700
epoch:,123,,Train,Loss:,0.136645,,Train,Acc:,0.805487,,Eval,Loss:,0.134915,,Eval,Acc:,0.812500,,PSNR:,18.636075
epoch:,124,,Train,Loss:,0.136155,,Train,Acc:,0.806786,,Eval,Loss:,0.134414,,Eval,Acc:,0.812401,,PSNR:,19.957871
epoch:,125,,Train,Loss:,0.135676,,Train,Acc:,0.806986,,Eval,Loss:,0.133940,,Eval,Acc:,0.813884,,PSNR:,18.349750
epoch:,126,,Train,Loss:,0.135190,,Train,Acc:,0.808386,,Eval,Loss:,0.133460,,Eval,Acc:,0.815961,,PSNR:,17.775127
epoch:,127,,Train,Loss:,0.134722,,Train,Acc:,0.808702,,Eval,Loss:,0.132956,,Eval,Acc:,0.815467,,PSNR:,18.509958
epoch:,128,,Train,Loss:,0.134256,,Train,Acc:,0.808819,,Eval,Loss:,0.132500,,Eval,Acc:,0.815961,,PSNR:,19.472909
epoch:,129,,Train,Loss:,0.133785,,Train,Acc:,0.810451,,Eval,Loss:,0.132031,,Eval,Acc:,0.816060,,PSNR:,18.013329
epoch:,130,,Train,Loss:,0.133328,,Train,Acc:,0.809918,,Eval,Loss:,0.131592,,Eval,Acc:,0.817642,,PSNR:,17.269607
epoch:,131,,Train,Loss:,0.132867,,Train,Acc:,0.811567,,Eval,Loss:,0.131123,,Eval,Acc:,0.816950,,PSNR:,18.451103
epoch:,132,,Train,Loss:,0.132418,,Train,Acc:,0.811617,,Eval,Loss:,0.130680,,Eval,Acc:,0.818335,,PSNR:,19.749145
epoch:,133,,Train,Loss:,0.131970,,Train,Acc:,0.811451,,Eval,Loss:,0.130226,,Eval,Acc:,0.819422,,PSNR:,19.649517
epoch:,134,,Train,Loss:,0.131530,,Train,Acc:,0.812966,,Eval,Loss:,0.129774,,Eval,Acc:,0.819620,,PSNR:,18.506852
epoch:,135,,Train,Loss:,0.131089,,Train,Acc:,0.813699,,Eval,Loss:,0.129345,,Eval,Acc:,0.820214,,PSNR:,19.170603
epoch:,136,,Train,Loss:,0.130660,,Train,Acc:,0.814382,,Eval,Loss:,0.128902,,Eval,Acc:,0.821301,,PSNR:,19.364637
epoch:,137,,Train,Loss:,0.130224,,Train,Acc:,0.814765,,Eval,Loss:,0.128478,,Eval,Acc:,0.821994,,PSNR:,20.465776
epoch:,138,,Train,Loss:,0.129800,,Train,Acc:,0.815149,,Eval,Loss:,0.128033,,Eval,Acc:,0.821796,,PSNR:,19.225373
epoch:,139,,Train,Loss:,0.129374,,Train,Acc:,0.815782,,Eval,Loss:,0.127625,,Eval,Acc:,0.823180,,PSNR:,19.801978
epoch:,140,,Train,Loss:,0.128959,,Train,Acc:,0.816964,,Eval,Loss:,0.127226,,Eval,Acc:,0.822785,,PSNR:,20.085682
epoch:,141,,Train,Loss:,0.128549,,Train,Acc:,0.816998,,Eval,Loss:,0.126778,,Eval,Acc:,0.825356,,PSNR:,19.953692
epoch:,142,,Train,Loss:,0.128152,,Train,Acc:,0.817681,,Eval,Loss:,0.126384,,Eval,Acc:,0.826246,,PSNR:,19.127015
epoch:,143,,Train,Loss:,0.127732,,Train,Acc:,0.818497,,Eval,Loss:,0.125960,,Eval,Acc:,0.823576,,PSNR:,19.764630
epoch:,144,,Train,Loss:,0.127342,,Train,Acc:,0.818697,,Eval,Loss:,0.125568,,Eval,Acc:,0.824367,,PSNR:,18.583133
epoch:,145,,Train,Loss:,0.126935,,Train,Acc:,0.819446,,Eval,Loss:,0.125179,,Eval,Acc:,0.826246,,PSNR:,18.869928
epoch:,146,,Train,Loss:,0.126540,,Train,Acc:,0.820596,,Eval,Loss:,0.124778,,Eval,Acc:,0.827334,,PSNR:,19.598980
epoch:,147,,Train,Loss:,0.126147,,Train,Acc:,0.819979,,Eval,Loss:,0.124388,,Eval,Acc:,0.827235,,PSNR:,19.632807
epoch:,148,,Train,Loss:,0.125755,,Train,Acc:,0.821479,,Eval,Loss:,0.123985,,Eval,Acc:,0.827136,,PSNR:,19.834841
epoch:,149,,Train,Loss:,0.125368,,Train,Acc:,0.821212,,Eval,Loss:,0.123619,,Eval,Acc:,0.828026,,PSNR:,21.015174
epoch:,150,,Train,Loss:,0.125001,,Train,Acc:,0.822311,,Eval,Loss:,0.123233,,Eval,Acc:,0.829509,,PSNR:,19.670808
epoch:,151,,Train,Loss:,0.124608,,Train,Acc:,0.822595,,Eval,Loss:,0.122856,,Eval,Acc:,0.827532,,PSNR:,19.984134
epoch:,152,,Train,Loss:,0.124244,,Train,Acc:,0.822911,,Eval,Loss:,0.122485,,Eval,Acc:,0.829213,,PSNR:,20.094457
epoch:,153,,Train,Loss:,0.123870,,Train,Acc:,0.824094,,Eval,Loss:,0.122104,,Eval,Acc:,0.831685,,PSNR:,20.620670
epoch:,154,,Train,Loss:,0.123502,,Train,Acc:,0.824144,,Eval,Loss:,0.121744,,Eval,Acc:,0.832081,,PSNR:,19.520036
epoch:,155,,Train,Loss:,0.123135,,Train,Acc:,0.824910,,Eval,Loss:,0.121385,,Eval,Acc:,0.829312,,PSNR:,20.439905
epoch:,156,,Train,Loss:,0.122776,,Train,Acc:,0.825343,,Eval,Loss:,0.121008,,Eval,Acc:,0.832674,,PSNR:,20.387526
epoch:,157,,Train,Loss:,0.122422,,Train,Acc:,0.825676,,Eval,Loss:,0.120665,,Eval,Acc:,0.831290,,PSNR:,20.036373
epoch:,158,,Train,Loss:,0.122062,,Train,Acc:,0.825393,,Eval,Loss:,0.120289,,Eval,Acc:,0.831784,,PSNR:,19.760549
epoch:,159,,Train,Loss:,0.121714,,Train,Acc:,0.826626,,Eval,Loss:,0.119953,,Eval,Acc:,0.833861,,PSNR:,19.742961
epoch:,160,,Train,Loss:,0.121364,,Train,Acc:,0.826859,,Eval,Loss:,0.119594,,Eval,Acc:,0.833366,,PSNR:,19.538520
epoch:,161,,Train,Loss:,0.121012,,Train,Acc:,0.827176,,Eval,Loss:,0.119255,,Eval,Acc:,0.833169,,PSNR:,20.177762
epoch:,162,,Train,Loss:,0.120676,,Train,Acc:,0.827842,,Eval,Loss:,0.118897,,Eval,Acc:,0.832081,,PSNR:,18.921818
epoch:,163,,Train,Loss:,0.120330,,Train,Acc:,0.828192,,Eval,Loss:,0.118551,,Eval,Acc:,0.833070,,PSNR:,20.466782
epoch:,164,,Train,Loss:,0.119995,,Train,Acc:,0.828858,,Eval,Loss:,0.118244,,Eval,Acc:,0.836036,,PSNR:,19.885957
epoch:,165,,Train,Loss:,0.119667,,Train,Acc:,0.829274,,Eval,Loss:,0.117891,,Eval,Acc:,0.837124,,PSNR:,21.409975
epoch:,166,,Train,Loss:,0.119327,,Train,Acc:,0.829724,,Eval,Loss:,0.117563,,Eval,Acc:,0.835740,,PSNR:,19.897753
epoch:,167,,Train,Loss:,0.118989,,Train,Acc:,0.829974,,Eval,Loss:,0.117229,,Eval,Acc:,0.838014,,PSNR:,23.179347
epoch:,168,,Train,Loss:,0.118678,,Train,Acc:,0.830640,,Eval,Loss:,0.116907,,Eval,Acc:,0.837322,,PSNR:,18.979554
epoch:,169,,Train,Loss:,0.118352,,Train,Acc:,0.830674,,Eval,Loss:,0.116584,,Eval,Acc:,0.836531,,PSNR:,20.651787
epoch:,170,,Train,Loss:,0.118027,,Train,Acc:,0.830874,,Eval,Loss:,0.116264,,Eval,Acc:,0.837718,,PSNR:,21.099211
epoch:,171,,Train,Loss:,0.117703,,Train,Acc:,0.830624,,Eval,Loss:,0.115938,,Eval,Acc:,0.839794,,PSNR:,20.697707
epoch:,172,,Train,Loss:,0.117397,,Train,Acc:,0.831107,,Eval,Loss:,0.115635,,Eval,Acc:,0.838311,,PSNR:,20.115795
epoch:,173,,Train,Loss:,0.117076,,Train,Acc:,0.832239,,Eval,Loss:,0.115327,,Eval,Acc:,0.838608,,PSNR:,20.266716
epoch:,174,,Train,Loss:,0.116773,,Train,Acc:,0.832489,,Eval,Loss:,0.115012,,Eval,Acc:,0.839992,,PSNR:,20.091552
epoch:,175,,Train,Loss:,0.116458,,Train,Acc:,0.832206,,Eval,Loss:,0.114705,,Eval,Acc:,0.839201,,PSNR:,22.151967
epoch:,176,,Train,Loss:,0.116156,,Train,Acc:,0.832939,,Eval,Loss:,0.114387,,Eval,Acc:,0.838608,,PSNR:,20.878701
epoch:,177,,Train,Loss:,0.115848,,Train,Acc:,0.832922,,Eval,Loss:,0.114082,,Eval,Acc:,0.840388,,PSNR:,21.499173
epoch:,178,,Train,Loss:,0.115546,,Train,Acc:,0.833905,,Eval,Loss:,0.113779,,Eval,Acc:,0.840882,,PSNR:,20.722603
epoch:,179,,Train,Loss:,0.115236,,Train,Acc:,0.834155,,Eval,Loss:,0.113492,,Eval,Acc:,0.843256,,PSNR:,21.361830
epoch:,180,,Train,Loss:,0.114942,,Train,Acc:,0.834072,,Eval,Loss:,0.113186,,Eval,Acc:,0.842761,,PSNR:,21.569807
epoch:,181,,Train,Loss:,0.114648,,Train,Acc:,0.835088,,Eval,Loss:,0.112876,,Eval,Acc:,0.841475,,PSNR:,21.781663
epoch:,182,,Train,Loss:,0.114366,,Train,Acc:,0.834938,,Eval,Loss:,0.112608,,Eval,Acc:,0.841871,,PSNR:,19.885775
epoch:,183,,Train,Loss:,0.114072,,Train,Acc:,0.836054,,Eval,Loss:,0.112304,,Eval,Acc:,0.844541,,PSNR:,20.730562
epoch:,184,,Train,Loss:,0.113791,,Train,Acc:,0.835821,,Eval,Loss:,0.112021,,Eval,Acc:,0.843948,,PSNR:,20.410771
epoch:,185,,Train,Loss:,0.113487,,Train,Acc:,0.835638,,Eval,Loss:,0.111743,,Eval,Acc:,0.844838,,PSNR:,21.103778
epoch:,186,,Train,Loss:,0.113215,,Train,Acc:,0.836487,,Eval,Loss:,0.111444,,Eval,Acc:,0.844343,,PSNR:,21.545492
epoch:,187,,Train,Loss:,0.112928,,Train,Acc:,0.836471,,Eval,Loss:,0.111155,,Eval,Acc:,0.845332,,PSNR:,21.063788
epoch:,188,,Train,Loss:,0.112655,,Train,Acc:,0.836437,,Eval,Loss:,0.110881,,Eval,Acc:,0.844343,,PSNR:,20.990267
epoch:,189,,Train,Loss:,0.112380,,Train,Acc:,0.837004,,Eval,Loss:,0.110615,,Eval,Acc:,0.844640,,PSNR:,20.363027
epoch:,190,,Train,Loss:,0.112091,,Train,Acc:,0.837020,,Eval,Loss:,0.110319,,Eval,Acc:,0.844541,,PSNR:,21.954633
epoch:,191,,Train,Loss:,0.111827,,Train,Acc:,0.837037,,Eval,Loss:,0.110056,,Eval,Acc:,0.844739,,PSNR:,20.878142
epoch:,192,,Train,Loss:,0.111556,,Train,Acc:,0.837170,,Eval,Loss:,0.109802,,Eval,Acc:,0.846816,,PSNR:,21.787446
epoch:,193,,Train,Loss:,0.111279,,Train,Acc:,0.837853,,Eval,Loss:,0.109500,,Eval,Acc:,0.844739,,PSNR:,21.180602
epoch:,194,,Train,Loss:,0.111012,,Train,Acc:,0.838353,,Eval,Loss:,0.109248,,Eval,Acc:,0.845431,,PSNR:,21.403998
epoch:,195,,Train,Loss:,0.110751,,Train,Acc:,0.838803,,Eval,Loss:,0.108980,,Eval,Acc:,0.847310,,PSNR:,20.879185
epoch:,196,,Train,Loss:,0.110480,,Train,Acc:,0.839269,,Eval,Loss:,0.108734,,Eval,Acc:,0.848200,,PSNR:,22.367158
epoch:,197,,Train,Loss:,0.110218,,Train,Acc:,0.838786,,Eval,Loss:,0.108459,,Eval,Acc:,0.846420,,PSNR:,21.095961
epoch:,198,,Train,Loss:,0.109953,,Train,Acc:,0.839869,,Eval,Loss:,0.108184,,Eval,Acc:,0.848200,,PSNR:,21.163685
epoch:,199,,Train,Loss:,0.109695,,Train,Acc:,0.839402,,Eval,Loss:,0.107937,,Eval,Acc:,0.848002,,PSNR:,21.956186
epoch:,200,,Train,Loss:,0.109443,,Train,Acc:,0.839985,,Eval,Loss:,0.107691,,Eval,Acc:,0.848002,,PSNR:,21.563657
epoch:,201,,Train,Loss:,0.109187,,Train,Acc:,0.840318,,Eval,Loss:,0.107424,,Eval,Acc:,0.848002,,PSNR:,22.271594
epoch:,202,,Train,Loss:,0.108937,,Train,Acc:,0.840235,,Eval,Loss:,0.107180,,Eval,Acc:,0.847607,,PSNR:,21.352090
epoch:,203,,Train,Loss:,0.108674,,Train,Acc:,0.840735,,Eval,Loss:,0.106926,,Eval,Acc:,0.847903,,PSNR:,21.986439
epoch:,204,,Train,Loss:,0.108432,,Train,Acc:,0.840868,,Eval,Loss:,0.106679,,Eval,Acc:,0.847903,,PSNR:,21.668240
epoch:,205,,Train,Loss:,0.108185,,Train,Acc:,0.841301,,Eval,Loss:,0.106434,,Eval,Acc:,0.848101,,PSNR:,22.022045
epoch:,206,,Train,Loss:,0.107933,,Train,Acc:,0.840768,,Eval,Loss:,0.106180,,Eval,Acc:,0.849881,,PSNR:,22.595329
epoch:,207,,Train,Loss:,0.107682,,Train,Acc:,0.841768,,Eval,Loss:,0.105931,,Eval,Acc:,0.848892,,PSNR:,22.099835
epoch:,208,,Train,Loss:,0.107441,,Train,Acc:,0.842068,,Eval,Loss:,0.105698,,Eval,Acc:,0.850870,,PSNR:,21.828673
epoch:,209,,Train,Loss:,0.107212,,Train,Acc:,0.842051,,Eval,Loss:,0.105447,,Eval,Acc:,0.850574,,PSNR:,21.612832
epoch:,210,,Train,Loss:,0.106967,,Train,Acc:,0.842634,,Eval,Loss:,0.105210,,Eval,Acc:,0.850574,,PSNR:,20.684579
epoch:,211,,Train,Loss:,0.106722,,Train,Acc:,0.842551,,Eval,Loss:,0.104978,,Eval,Acc:,0.851266,,PSNR:,21.742611
epoch:,212,,Train,Loss:,0.106492,,Train,Acc:,0.842217,,Eval,Loss:,0.104729,,Eval,Acc:,0.853343,,PSNR:,21.078006
epoch:,213,,Train,Loss:,0.106255,,Train,Acc:,0.842950,,Eval,Loss:,0.104498,,Eval,Acc:,0.851760,,PSNR:,22.015609
epoch:,214,,Train,Loss:,0.106020,,Train,Acc:,0.844100,,Eval,Loss:,0.104267,,Eval,Acc:,0.851760,,PSNR:,21.427570
epoch:,215,,Train,Loss:,0.105784,,Train,Acc:,0.843167,,Eval,Loss:,0.104026,,Eval,Acc:,0.850574,,PSNR:,22.331481
epoch:,216,,Train,Loss:,0.105555,,Train,Acc:,0.843917,,Eval,Loss:,0.103816,,Eval,Acc:,0.852057,,PSNR:,21.591153
epoch:,217,,Train,Loss:,0.105324,,Train,Acc:,0.843067,,Eval,Loss:,0.103584,,Eval,Acc:,0.851365,,PSNR:,22.093453
epoch:,218,,Train,Loss:,0.105105,,Train,Acc:,0.843917,,Eval,Loss:,0.103346,,Eval,Acc:,0.852650,,PSNR:,21.004241
epoch:,219,,Train,Loss:,0.104868,,Train,Acc:,0.844100,,Eval,Loss:,0.103115,,Eval,Acc:,0.851167,,PSNR:,22.517973
epoch:,220,,Train,Loss:,0.104649,,Train,Acc:,0.844433,,Eval,Loss:,0.102890,,Eval,Acc:,0.854628,,PSNR:,21.223383
epoch:,221,,Train,Loss:,0.104425,,Train,Acc:,0.844566,,Eval,Loss:,0.102685,,Eval,Acc:,0.854035,,PSNR:,21.792914
epoch:,222,,Train,Loss:,0.104199,,Train,Acc:,0.844949,,Eval,Loss:,0.102456,,Eval,Acc:,0.853145,,PSNR:,22.863028
epoch:,223,,Train,Loss:,0.103973,,Train,Acc:,0.844866,,Eval,Loss:,0.102242,,Eval,Acc:,0.852551,,PSNR:,22.889406
epoch:,224,,Train,Loss:,0.103757,,Train,Acc:,0.845166,,Eval,Loss:,0.102013,,Eval,Acc:,0.853837,,PSNR:,21.510882
epoch:,225,,Train,Loss:,0.103539,,Train,Acc:,0.845482,,Eval,Loss:,0.101794,,Eval,Acc:,0.853738,,PSNR:,22.782618
epoch:,226,,Train,Loss:,0.103324,,Train,Acc:,0.845965,,Eval,Loss:,0.101582,,Eval,Acc:,0.854233,,PSNR:,21.441351
epoch:,227,,Train,Loss:,0.103105,,Train,Acc:,0.845949,,Eval,Loss:,0.101349,,Eval,Acc:,0.854529,,PSNR:,22.165809
epoch:,228,,Train,Loss:,0.102887,,Train,Acc:,0.846082,,Eval,Loss:,0.101150,,Eval,Acc:,0.852749,,PSNR:,22.423031
epoch:,229,,Train,Loss:,0.102682,,Train,Acc:,0.846449,,Eval,Loss:,0.100947,,Eval,Acc:,0.855320,,PSNR:,23.256667
epoch:,230,,Train,Loss:,0.102470,,Train,Acc:,0.845916,,Eval,Loss:,0.100731,,Eval,Acc:,0.854331,,PSNR:,22.175666
epoch:,231,,Train,Loss:,0.102264,,Train,Acc:,0.846598,,Eval,Loss:,0.100517,,Eval,Acc:,0.854134,,PSNR:,20.917498
epoch:,232,,Train,Loss:,0.102034,,Train,Acc:,0.847015,,Eval,Loss:,0.100312,,Eval,Acc:,0.855123,,PSNR:,23.022961
epoch:,233,,Train,Loss:,0.101827,,Train,Acc:,0.847415,,Eval,Loss:,0.100094,,Eval,Acc:,0.856112,,PSNR:,23.953812
epoch:,234,,Train,Loss:,0.101633,,Train,Acc:,0.847198,,Eval,Loss:,0.099897,,Eval,Acc:,0.854331,,PSNR:,21.763144
epoch:,235,,Train,Loss:,0.101427,,Train,Acc:,0.847198,,Eval,Loss:,0.099689,,Eval,Acc:,0.855419,,PSNR:,22.182840
epoch:,236,,Train,Loss:,0.101227,,Train,Acc:,0.847298,,Eval,Loss:,0.099475,,Eval,Acc:,0.856705,,PSNR:,22.370198
epoch:,237,,Train,Loss:,0.101022,,Train,Acc:,0.848081,,Eval,Loss:,0.099265,,Eval,Acc:,0.856210,,PSNR:,22.937781
epoch:,238,,Train,Loss:,0.100819,,Train,Acc:,0.847848,,Eval,Loss:,0.099073,,Eval,Acc:,0.855024,,PSNR:,22.000262
epoch:,239,,Train,Loss:,0.100611,,Train,Acc:,0.848564,,Eval,Loss:,0.098884,,Eval,Acc:,0.856606,,PSNR:,21.701012
epoch:,240,,Train,Loss:,0.100410,,Train,Acc:,0.847881,,Eval,Loss:,0.098661,,Eval,Acc:,0.857199,,PSNR:,23.390646
epoch:,241,,Train,Loss:,0.100228,,Train,Acc:,0.848847,,Eval,Loss:,0.098487,,Eval,Acc:,0.856013,,PSNR:,21.536929
epoch:,242,,Train,Loss:,0.100020,,Train,Acc:,0.848481,,Eval,Loss:,0.098276,,Eval,Acc:,0.856903,,PSNR:,21.827126
epoch:,243,,Train,Loss:,0.099816,,Train,Acc:,0.849164,,Eval,Loss:,0.098081,,Eval,Acc:,0.857397,,PSNR:,22.201846
epoch:,244,,Train,Loss:,0.099626,,Train,Acc:,0.848547,,Eval,Loss:,0.097889,,Eval,Acc:,0.856705,,PSNR:,22.694959
epoch:,245,,Train,Loss:,0.099431,,Train,Acc:,0.848614,,Eval,Loss:,0.097705,,Eval,Acc:,0.857298,,PSNR:,22.746198
epoch:,246,,Train,Loss:,0.099235,,Train,Acc:,0.849680,,Eval,Loss:,0.097513,,Eval,Acc:,0.856507,,PSNR:,23.605673
epoch:,247,,Train,Loss:,0.099043,,Train,Acc:,0.849647,,Eval,Loss:,0.097322,,Eval,Acc:,0.856408,,PSNR:,22.546129
epoch:,248,,Train,Loss:,0.098850,,Train,Acc:,0.849863,,Eval,Loss:,0.097119,,Eval,Acc:,0.858287,,PSNR:,22.436161
epoch:,249,,Train,Loss:,0.098668,,Train,Acc:,0.849380,,Eval,Loss:,0.096947,,Eval,Acc:,0.858386,,PSNR:,22.682553
epoch:,250,,Train,Loss:,0.098487,,Train,Acc:,0.849780,,Eval,Loss:,0.096761,,Eval,Acc:,0.858979,,PSNR:,22.514286
epoch:,251,,Train,Loss:,0.098288,,Train,Acc:,0.850413,,Eval,Loss:,0.096576,,Eval,Acc:,0.858386,,PSNR:,23.304089
epoch:,252,,Train,Loss:,0.098095,,Train,Acc:,0.850113,,Eval,Loss:,0.096381,,Eval,Acc:,0.857199,,PSNR:,22.351694
epoch:,253,,Train,Loss:,0.097917,,Train,Acc:,0.850047,,Eval,Loss:,0.096188,,Eval,Acc:,0.859474,,PSNR:,22.712763
epoch:,254,,Train,Loss:,0.097732,,Train,Acc:,0.850247,,Eval,Loss:,0.096016,,Eval,Acc:,0.858683,,PSNR:,24.110512
epoch:,255,,Train,Loss:,0.097546,,Train,Acc:,0.850996,,Eval,Loss:,0.095812,,Eval,Acc:,0.859573,,PSNR:,21.992938
epoch:,256,,Train,Loss:,0.097360,,Train,Acc:,0.850896,,Eval,Loss:,0.095645,,Eval,Acc:,0.857793,,PSNR:,24.001412
epoch:,257,,Train,Loss:,0.097186,,Train,Acc:,0.851013,,Eval,Loss:,0.095461,,Eval,Acc:,0.858584,,PSNR:,22.472833
epoch:,258,,Train,Loss:,0.097005,,Train,Acc:,0.851229,,Eval,Loss:,0.095275,,Eval,Acc:,0.857595,,PSNR:,21.974578
epoch:,259,,Train,Loss:,0.096809,,Train,Acc:,0.851046,,Eval,Loss:,0.095092,,Eval,Acc:,0.857397,,PSNR:,24.591583
epoch:,260,,Train,Loss:,0.096639,,Train,Acc:,0.851513,,Eval,Loss:,0.094912,,Eval,Acc:,0.859869,,PSNR:,22.461103
epoch:,261,,Train,Loss:,0.096463,,Train,Acc:,0.851929,,Eval,Loss:,0.094744,,Eval,Acc:,0.860364,,PSNR:,22.965363
epoch:,262,,Train,Loss:,0.096291,,Train,Acc:,0.852046,,Eval,Loss:,0.094584,,Eval,Acc:,0.859573,,PSNR:,23.448803
epoch:,263,,Train,Loss:,0.096114,,Train,Acc:,0.851562,,Eval,Loss:,0.094396,,Eval,Acc:,0.860265,,PSNR:,23.668391
epoch:,264,,Train,Loss:,0.095942,,Train,Acc:,0.852096,,Eval,Loss:,0.094208,,Eval,Acc:,0.860463,,PSNR:,22.486962
epoch:,265,,Train,Loss:,0.095758,,Train,Acc:,0.852395,,Eval,Loss:,0.094041,,Eval,Acc:,0.859078,,PSNR:,23.806913
epoch:,266,,Train,Loss:,0.095592,,Train,Acc:,0.852295,,Eval,Loss:,0.093879,,Eval,Acc:,0.862144,,PSNR:,22.484548
epoch:,267,,Train,Loss:,0.095415,,Train,Acc:,0.852712,,Eval,Loss:,0.093715,,Eval,Acc:,0.860364,,PSNR:,22.727246
epoch:,268,,Train,Loss:,0.095238,,Train,Acc:,0.852962,,Eval,Loss:,0.093524,,Eval,Acc:,0.861353,,PSNR:,23.725827
epoch:,269,,Train,Loss:,0.095068,,Train,Acc:,0.852162,,Eval,Loss:,0.093361,,Eval,Acc:,0.860463,,PSNR:,22.710621
epoch:,270,,Train,Loss:,0.094899,,Train,Acc:,0.852962,,Eval,Loss:,0.093207,,Eval,Acc:,0.861847,,PSNR:,22.547996
epoch:,271,,Train,Loss:,0.094732,,Train,Acc:,0.853362,,Eval,Loss:,0.093026,,Eval,Acc:,0.861452,,PSNR:,22.570896
epoch:,272,,Train,Loss:,0.094561,,Train,Acc:,0.852795,,Eval,Loss:,0.092865,,Eval,Acc:,0.860562,,PSNR:,23.596828
epoch:,273,,Train,Loss:,0.094401,,Train,Acc:,0.853228,,Eval,Loss:,0.092674,,Eval,Acc:,0.860957,,PSNR:,24.198153
epoch:,274,,Train,Loss:,0.094226,,Train,Acc:,0.853445,,Eval,Loss:,0.092520,,Eval,Acc:,0.860661,,PSNR:,23.752330
epoch:,275,,Train,Loss:,0.094062,,Train,Acc:,0.853345,,Eval,Loss:,0.092376,,Eval,Acc:,0.861353,,PSNR:,23.310243
epoch:,276,,Train,Loss:,0.093897,,Train,Acc:,0.853911,,Eval,Loss:,0.092190,,Eval,Acc:,0.860562,,PSNR:,23.574510
epoch:,277,,Train,Loss:,0.093735,,Train,Acc:,0.854428,,Eval,Loss:,0.092027,,Eval,Acc:,0.862243,,PSNR:,23.605306
epoch:,278,,Train,Loss:,0.093573,,Train,Acc:,0.854294,,Eval,Loss:,0.091877,,Eval,Acc:,0.862045,,PSNR:,23.305553
epoch:,279,,Train,Loss:,0.093414,,Train,Acc:,0.854111,,Eval,Loss:,0.091710,,Eval,Acc:,0.860957,,PSNR:,23.736582
epoch:,280,,Train,Loss:,0.093247,,Train,Acc:,0.854428,,Eval,Loss:,0.091552,,Eval,Acc:,0.862045,,PSNR:,22.061559
epoch:,281,,Train,Loss:,0.093086,,Train,Acc:,0.854411,,Eval,Loss:,0.091395,,Eval,Acc:,0.863133,,PSNR:,22.818353
epoch:,282,,Train,Loss:,0.092922,,Train,Acc:,0.854644,,Eval,Loss:,0.091244,,Eval,Acc:,0.860957,,PSNR:,24.309504
epoch:,283,,Train,Loss:,0.092774,,Train,Acc:,0.854678,,Eval,Loss:,0.091073,,Eval,Acc:,0.863034,,PSNR:,24.101278
epoch:,284,,Train,Loss:,0.092610,,Train,Acc:,0.854511,,Eval,Loss:,0.090921,,Eval,Acc:,0.862737,,PSNR:,23.985914
epoch:,285,,Train,Loss:,0.092461,,Train,Acc:,0.855594,,Eval,Loss:,0.090749,,Eval,Acc:,0.861353,,PSNR:,23.093043
epoch:,286,,Train,Loss:,0.092290,,Train,Acc:,0.855027,,Eval,Loss:,0.090606,,Eval,Acc:,0.863627,,PSNR:,24.517323
epoch:,287,,Train,Loss:,0.092134,,Train,Acc:,0.854861,,Eval,Loss:,0.090450,,Eval,Acc:,0.863034,,PSNR:,23.370110
epoch:,288,,Train,Loss:,0.091984,,Train,Acc:,0.855211,,Eval,Loss:,0.090287,,Eval,Acc:,0.863331,,PSNR:,23.250664
epoch:,289,,Train,Loss:,0.091834,,Train,Acc:,0.855477,,Eval,Loss:,0.090127,,Eval,Acc:,0.860957,,PSNR:,21.877973
epoch:,290,,Train,Loss:,0.091674,,Train,Acc:,0.855960,,Eval,Loss:,0.090001,,Eval,Acc:,0.862836,,PSNR:,23.794067
epoch:,291,,Train,Loss:,0.091515,,Train,Acc:,0.855727,,Eval,Loss:,0.089827,,Eval,Acc:,0.863627,,PSNR:,24.861968
epoch:,292,,Train,Loss:,0.091373,,Train,Acc:,0.855710,,Eval,Loss:,0.089674,,Eval,Acc:,0.864913,,PSNR:,23.972166
epoch:,293,,Train,Loss:,0.091218,,Train,Acc:,0.856393,,Eval,Loss:,0.089526,,Eval,Acc:,0.863627,,PSNR:,23.874847
epoch:,294,,Train,Loss:,0.091069,,Train,Acc:,0.855894,,Eval,Loss:,0.089372,,Eval,Acc:,0.864320,,PSNR:,23.565268
epoch:,295,,Train,Loss:,0.090914,,Train,Acc:,0.856710,,Eval,Loss:,0.089227,,Eval,Acc:,0.864320,,PSNR:,22.980113
epoch:,296,,Train,Loss:,0.090762,,Train,Acc:,0.856293,,Eval,Loss:,0.089077,,Eval,Acc:,0.863825,,PSNR:,23.120011
epoch:,297,,Train,Loss:,0.090612,,Train,Acc:,0.856693,,Eval,Loss:,0.088924,,Eval,Acc:,0.864419,,PSNR:,24.314545
epoch:,298,,Train,Loss:,0.090465,,Train,Acc:,0.857226,,Eval,Loss:,0.088777,,Eval,Acc:,0.862045,,PSNR:,25.392995
epoch:,299,,Train,Loss:,0.090329,,Train,Acc:,0.856960,,Eval,Loss:,0.088633,,Eval,Acc:,0.864616,,PSNR:,23.707991
epoch:,300,,Train,Loss:,0.090177,,Train,Acc:,0.857509,,Eval,Loss:,0.088487,,Eval,Acc:,0.863924,,PSNR:,23.199771
epoch:,301,,Train,Loss:,0.090019,,Train,Acc:,0.857026,,Eval,Loss:,0.088357,,Eval,Acc:,0.864616,,PSNR:,24.731885
epoch:,302,,Train,Loss:,0.089884,,Train,Acc:,0.857343,,Eval,Loss:,0.088200,,Eval,Acc:,0.864023,,PSNR:,23.833416
epoch:,303,,Train,Loss:,0.089731,,Train,Acc:,0.856860,,Eval,Loss:,0.088051,,Eval,Acc:,0.865506,,PSNR:,24.154201
epoch:,304,,Train,Loss:,0.089592,,Train,Acc:,0.856810,,Eval,Loss:,0.087927,,Eval,Acc:,0.864122,,PSNR:,24.593239
epoch:,305,,Train,Loss:,0.089451,,Train,Acc:,0.857609,,Eval,Loss:,0.087781,,Eval,Acc:,0.866100,,PSNR:,24.334963
epoch:,306,,Train,Loss:,0.089311,,Train,Acc:,0.857543,,Eval,Loss:,0.087632,,Eval,Acc:,0.865407,,PSNR:,23.590367
epoch:,307,,Train,Loss:,0.089168,,Train,Acc:,0.857959,,Eval,Loss:,0.087496,,Eval,Acc:,0.865803,,PSNR:,24.548855
epoch:,308,,Train,Loss:,0.089024,,Train,Acc:,0.857793,,Eval,Loss:,0.087358,,Eval,Acc:,0.864715,,PSNR:,25.756612
epoch:,309,,Train,Loss:,0.088883,,Train,Acc:,0.857909,,Eval,Loss:,0.087216,,Eval,Acc:,0.865407,,PSNR:,23.732616
epoch:,310,,Train,Loss:,0.088746,,Train,Acc:,0.857426,,Eval,Loss:,0.087074,,Eval,Acc:,0.865012,,PSNR:,24.309810
epoch:,311,,Train,Loss:,0.088607,,Train,Acc:,0.857809,,Eval,Loss:,0.086927,,Eval,Acc:,0.865902,,PSNR:,24.107565
epoch:,312,,Train,Loss:,0.088463,,Train,Acc:,0.858026,,Eval,Loss:,0.086794,,Eval,Acc:,0.866495,,PSNR:,24.311446
epoch:,313,,Train,Loss:,0.088323,,Train,Acc:,0.858392,,Eval,Loss:,0.086656,,Eval,Acc:,0.866495,,PSNR:,24.152367
epoch:,314,,Train,Loss:,0.088184,,Train,Acc:,0.858126,,Eval,Loss:,0.086522,,Eval,Acc:,0.865309,,PSNR:,23.859274
epoch:,315,,Train,Loss:,0.088050,,Train,Acc:,0.858159,,Eval,Loss:,0.086382,,Eval,Acc:,0.864122,,PSNR:,23.908275
epoch:,316,,Train,Loss:,0.087914,,Train,Acc:,0.858209,,Eval,Loss:,0.086242,,Eval,Acc:,0.864616,,PSNR:,24.142331
epoch:,317,,Train,Loss:,0.087771,,Train,Acc:,0.858909,,Eval,Loss:,0.086118,,Eval,Acc:,0.865111,,PSNR:,24.141706
epoch:,318,,Train,Loss:,0.087644,,Train,Acc:,0.858026,,Eval,Loss:,0.085984,,Eval,Acc:,0.865309,,PSNR:,23.966624
epoch:,319,,Train,Loss:,0.087509,,Train,Acc:,0.858742,,Eval,Loss:,0.085840,,Eval,Acc:,0.866001,,PSNR:,22.982831
epoch:,320,,Train,Loss:,0.087368,,Train,Acc:,0.858442,,Eval,Loss:,0.085713,,Eval,Acc:,0.866792,,PSNR:,24.124795
epoch:,321,,Train,Loss:,0.087235,,Train,Acc:,0.859125,,Eval,Loss:,0.085579,,Eval,Acc:,0.866297,,PSNR:,22.835020
epoch:,322,,Train,Loss:,0.087103,,Train,Acc:,0.859392,,Eval,Loss:,0.085450,,Eval,Acc:,0.865210,,PSNR:,26.090695
epoch:,323,,Train,Loss:,0.086969,,Train,Acc:,0.858992,,Eval,Loss:,0.085307,,Eval,Acc:,0.865309,,PSNR:,24.305209
epoch:,324,,Train,Loss:,0.086830,,Train,Acc:,0.859675,,Eval,Loss:,0.085181,,Eval,Acc:,0.866396,,PSNR:,24.224800
epoch:,325,,Train,Loss:,0.086703,,Train,Acc:,0.858925,,Eval,Loss:,0.085046,,Eval,Acc:,0.866693,,PSNR:,24.519181
epoch:,326,,Train,Loss:,0.086568,,Train,Acc:,0.859791,,Eval,Loss:,0.084906,,Eval,Acc:,0.867089,,PSNR:,24.623576
epoch:,327,,Train,Loss:,0.086452,,Train,Acc:,0.859941,,Eval,Loss:,0.084785,,Eval,Acc:,0.867188,,PSNR:,23.498851
epoch:,328,,Train,Loss:,0.086309,,Train,Acc:,0.859791,,Eval,Loss:,0.084666,,Eval,Acc:,0.866693,,PSNR:,24.724057
epoch:,329,,Train,Loss:,0.086188,,Train,Acc:,0.859658,,Eval,Loss:,0.084526,,Eval,Acc:,0.867484,,PSNR:,25.071876
epoch:,330,,Train,Loss:,0.086060,,Train,Acc:,0.859325,,Eval,Loss:,0.084394,,Eval,Acc:,0.864913,,PSNR:,24.654254
epoch:,331,,Train,Loss:,0.085936,,Train,Acc:,0.859608,,Eval,Loss:,0.084273,,Eval,Acc:,0.868078,,PSNR:,24.500709
epoch:,332,,Train,Loss:,0.085806,,Train,Acc:,0.859525,,Eval,Loss:,0.084141,,Eval,Acc:,0.866594,,PSNR:,24.343780
epoch:,333,,Train,Loss:,0.085673,,Train,Acc:,0.860258,,Eval,Loss:,0.084026,,Eval,Acc:,0.866297,,PSNR:,23.971119
epoch:,334,,Train,Loss:,0.085545,,Train,Acc:,0.860025,,Eval,Loss:,0.083910,,Eval,Acc:,0.868374,,PSNR:,24.577923
epoch:,335,,Train,Loss:,0.085426,,Train,Acc:,0.861074,,Eval,Loss:,0.083763,,Eval,Acc:,0.867286,,PSNR:,23.889184
epoch:,336,,Train,Loss:,0.085287,,Train,Acc:,0.860208,,Eval,Loss:,0.083653,,Eval,Acc:,0.869165,,PSNR:,25.659014
epoch:,337,,Train,Loss:,0.085172,,Train,Acc:,0.860175,,Eval,Loss:,0.083527,,Eval,Acc:,0.866297,,PSNR:,24.362689
epoch:,338,,Train,Loss:,0.085051,,Train,Acc:,0.860541,,Eval,Loss:,0.083405,,Eval,Acc:,0.867385,,PSNR:,23.938158
epoch:,339,,Train,Loss:,0.084927,,Train,Acc:,0.860941,,Eval,Loss:,0.083293,,Eval,Acc:,0.866495,,PSNR:,24.621468
epoch:,340,,Train,Loss:,0.084799,,Train,Acc:,0.860741,,Eval,Loss:,0.083166,,Eval,Acc:,0.868968,,PSNR:,24.057088
epoch:,341,,Train,Loss:,0.084673,,Train,Acc:,0.861457,,Eval,Loss:,0.083033,,Eval,Acc:,0.867979,,PSNR:,23.665799
epoch:,342,,Train,Loss:,0.084551,,Train,Acc:,0.861191,,Eval,Loss:,0.082921,,Eval,Acc:,0.867781,,PSNR:,25.060520
epoch:,343,,Train,Loss:,0.084438,,Train,Acc:,0.860808,,Eval,Loss:,0.082797,,Eval,Acc:,0.868275,,PSNR:,23.198930
epoch:,344,,Train,Loss:,0.084303,,Train,Acc:,0.861224,,Eval,Loss:,0.082672,,Eval,Acc:,0.868869,,PSNR:,25.232348
epoch:,345,,Train,Loss:,0.084191,,Train,Acc:,0.861291,,Eval,Loss:,0.082549,,Eval,Acc:,0.868572,,PSNR:,25.088431
epoch:,346,,Train,Loss:,0.084066,,Train,Acc:,0.861657,,Eval,Loss:,0.082434,,Eval,Acc:,0.868968,,PSNR:,23.902125
epoch:,347,,Train,Loss:,0.083944,,Train,Acc:,0.861524,,Eval,Loss:,0.082314,,Eval,Acc:,0.868374,,PSNR:,23.782629
epoch:,348,,Train,Loss:,0.083833,,Train,Acc:,0.861790,,Eval,Loss:,0.082190,,Eval,Acc:,0.868671,,PSNR:,24.919447
epoch:,349,,Train,Loss:,0.083707,,Train,Acc:,0.861724,,Eval,Loss:,0.082077,,Eval,Acc:,0.867781,,PSNR:,25.226748
epoch:,350,,Train,Loss:,0.083587,,Train,Acc:,0.861441,,Eval,Loss:,0.081956,,Eval,Acc:,0.869363,,PSNR:,25.309483
epoch:,351,,Train,Loss:,0.083463,,Train,Acc:,0.862057,,Eval,Loss:,0.081849,,Eval,Acc:,0.868275,,PSNR:,25.852898
epoch:,352,,Train,Loss:,0.083359,,Train,Acc:,0.861407,,Eval,Loss:,0.081732,,Eval,Acc:,0.869363,,PSNR:,23.057777
epoch:,353,,Train,Loss:,0.083234,,Train,Acc:,0.861374,,Eval,Loss:,0.081604,,Eval,Acc:,0.869462,,PSNR:,25.323036
epoch:,354,,Train,Loss:,0.083108,,Train,Acc:,0.862190,,Eval,Loss:,0.081493,,Eval,Acc:,0.869264,,PSNR:,25.568631
epoch:,355,,Train,Loss:,0.082993,,Train,Acc:,0.861690,,Eval,Loss:,0.081364,,Eval,Acc:,0.868473,,PSNR:,25.778524
epoch:,356,,Train,Loss:,0.082889,,Train,Acc:,0.861924,,Eval,Loss:,0.081253,,Eval,Acc:,0.868968,,PSNR:,26.200831
epoch:,357,,Train,Loss:,0.082768,,Train,Acc:,0.861790,,Eval,Loss:,0.081146,,Eval,Acc:,0.869264,,PSNR:,25.464685
epoch:,358,,Train,Loss:,0.082655,,Train,Acc:,0.862507,,Eval,Loss:,0.081035,,Eval,Acc:,0.868770,,PSNR:,25.114409
epoch:,359,,Train,Loss:,0.082545,,Train,Acc:,0.862540,,Eval,Loss:,0.080927,,Eval,Acc:,0.869165,,PSNR:,24.417684
epoch:,360,,Train,Loss:,0.082432,,Train,Acc:,0.862590,,Eval,Loss:,0.080812,,Eval,Acc:,0.869462,,PSNR:,23.854549
epoch:,361,,Train,Loss:,0.082317,,Train,Acc:,0.862690,,Eval,Loss:,0.080709,,Eval,Acc:,0.869759,,PSNR:,24.975561
epoch:,362,,Train,Loss:,0.082193,,Train,Acc:,0.862007,,Eval,Loss:,0.080571,,Eval,Acc:,0.867979,,PSNR:,24.983353
epoch:,363,,Train,Loss:,0.082092,,Train,Acc:,0.862757,,Eval,Loss:,0.080461,,Eval,Acc:,0.869165,,PSNR:,25.516797
epoch:,364,,Train,Loss:,0.081985,,Train,Acc:,0.862440,,Eval,Loss:,0.080372,,Eval,Acc:,0.869759,,PSNR:,24.418681
epoch:,365,,Train,Loss:,0.081867,,Train,Acc:,0.862707,,Eval,Loss:,0.080237,,Eval,Acc:,0.870055,,PSNR:,25.302238
epoch:,366,,Train,Loss:,0.081755,,Train,Acc:,0.862790,,Eval,Loss:,0.080123,,Eval,Acc:,0.869956,,PSNR:,24.519934
epoch:,367,,Train,Loss:,0.081646,,Train,Acc:,0.862757,,Eval,Loss:,0.080014,,Eval,Acc:,0.871341,,PSNR:,24.519706
epoch:,368,,Train,Loss:,0.081535,,Train,Acc:,0.862923,,Eval,Loss:,0.079916,,Eval,Acc:,0.870352,,PSNR:,24.690733
epoch:,369,,Train,Loss:,0.081431,,Train,Acc:,0.863473,,Eval,Loss:,0.079810,,Eval,Acc:,0.870352,,PSNR:,24.791153
epoch:,370,,Train,Loss:,0.081310,,Train,Acc:,0.863589,,Eval,Loss:,0.079696,,Eval,Acc:,0.868968,,PSNR:,24.754091
epoch:,371,,Train,Loss:,0.081205,,Train,Acc:,0.862973,,Eval,Loss:,0.079589,,Eval,Acc:,0.869363,,PSNR:,24.556195
epoch:,372,,Train,Loss:,0.081090,,Train,Acc:,0.863206,,Eval,Loss:,0.079473,,Eval,Acc:,0.871242,,PSNR:,25.469727
epoch:,373,,Train,Loss:,0.080977,,Train,Acc:,0.863123,,Eval,Loss:,0.079378,,Eval,Acc:,0.869363,,PSNR:,25.210290
epoch:,374,,Train,Loss:,0.080869,,Train,Acc:,0.863156,,Eval,Loss:,0.079265,,Eval,Acc:,0.870550,,PSNR:,26.061243
epoch:,375,,Train,Loss:,0.080761,,Train,Acc:,0.863706,,Eval,Loss:,0.079161,,Eval,Acc:,0.871242,,PSNR:,25.535068
epoch:,376,,Train,Loss:,0.080651,,Train,Acc:,0.863956,,Eval,Loss:,0.079027,,Eval,Acc:,0.869956,,PSNR:,25.931122
epoch:,377,,Train,Loss:,0.080554,,Train,Acc:,0.863873,,Eval,Loss:,0.078948,,Eval,Acc:,0.868176,,PSNR:,24.313512
epoch:,378,,Train,Loss:,0.080444,,Train,Acc:,0.863623,,Eval,Loss:,0.078827,,Eval,Acc:,0.869956,,PSNR:,23.946361
epoch:,379,,Train,Loss:,0.080335,,Train,Acc:,0.863889,,Eval,Loss:,0.078741,,Eval,Acc:,0.870847,,PSNR:,26.085706
epoch:,380,,Train,Loss:,0.080236,,Train,Acc:,0.863989,,Eval,Loss:,0.078622,,Eval,Acc:,0.870550,,PSNR:,24.144384
epoch:,381,,Train,Loss:,0.080131,,Train,Acc:,0.863656,,Eval,Loss:,0.078526,,Eval,Acc:,0.870649,,PSNR:,24.312126
epoch:,382,,Train,Loss:,0.080022,,Train,Acc:,0.864356,,Eval,Loss:,0.078420,,Eval,Acc:,0.871242,,PSNR:,25.735107
epoch:,383,,Train,Loss:,0.079917,,Train,Acc:,0.864256,,Eval,Loss:,0.078315,,Eval,Acc:,0.869165,,PSNR:,25.233438
epoch:,384,,Train,Loss:,0.079810,,Train,Acc:,0.863956,,Eval,Loss:,0.078215,,Eval,Acc:,0.868572,,PSNR:,25.298322
epoch:,385,,Train,Loss:,0.079716,,Train,Acc:,0.863956,,Eval,Loss:,0.078104,,Eval,Acc:,0.870550,,PSNR:,24.704583
epoch:,386,,Train,Loss:,0.079605,,Train,Acc:,0.864306,,Eval,Loss:,0.078032,,Eval,Acc:,0.870055,,PSNR:,25.062441
epoch:,387,,Train,Loss:,0.079507,,Train,Acc:,0.863673,,Eval,Loss:,0.077902,,Eval,Acc:,0.871341,,PSNR:,25.145083
epoch:,388,,Train,Loss:,0.079402,,Train,Acc:,0.864755,,Eval,Loss:,0.077795,,Eval,Acc:,0.871143,,PSNR:,24.152377
epoch:,389,,Train,Loss:,0.079293,,Train,Acc:,0.863856,,Eval,Loss:,0.077709,,Eval,Acc:,0.870055,,PSNR:,25.497125
epoch:,390,,Train,Loss:,0.079198,,Train,Acc:,0.865072,,Eval,Loss:,0.077595,,Eval,Acc:,0.871341,,PSNR:,25.243576
epoch:,391,,Train,Loss:,0.079091,,Train,Acc:,0.864023,,Eval,Loss:,0.077505,,Eval,Acc:,0.871638,,PSNR:,25.858992
epoch:,392,,Train,Loss:,0.078991,,Train,Acc:,0.865239,,Eval,Loss:,0.077404,,Eval,Acc:,0.872725,,PSNR:,26.011510
epoch:,393,,Train,Loss:,0.078891,,Train,Acc:,0.864989,,Eval,Loss:,0.077306,,Eval,Acc:,0.870847,,PSNR:,24.794622
epoch:,394,,Train,Loss:,0.078788,,Train,Acc:,0.865272,,Eval,Loss:,0.077219,,Eval,Acc:,0.870847,,PSNR:,24.217727
epoch:,395,,Train,Loss:,0.078678,,Train,Acc:,0.865005,,Eval,Loss:,0.077090,,Eval,Acc:,0.871737,,PSNR:,26.257651
epoch:,396,,Train,Loss:,0.078590,,Train,Acc:,0.864955,,Eval,Loss:,0.076996,,Eval,Acc:,0.871638,,PSNR:,24.524461
epoch:,397,,Train,Loss:,0.078488,,Train,Acc:,0.865205,,Eval,Loss:,0.076901,,Eval,Acc:,0.872033,,PSNR:,25.894293
epoch:,398,,Train,Loss:,0.078391,,Train,Acc:,0.865005,,Eval,Loss:,0.076784,,Eval,Acc:,0.871044,,PSNR:,25.363129
epoch:,399,,Train,Loss:,0.078291,,Train,Acc:,0.865222,,Eval,Loss:,0.076706,,Eval,Acc:,0.873022,,PSNR:,25.607388
epoch:,400,,Train,Loss:,0.078197,,Train,Acc:,0.865455,,Eval,Loss:,0.076603,,Eval,Acc:,0.871737,,PSNR:,26.288684
epoch:,401,,Train,Loss:,0.078094,,Train,Acc:,0.864922,,Eval,Loss:,0.076518,,Eval,Acc:,0.871737,,PSNR:,25.031767
epoch:,402,,Train,Loss:,0.077995,,Train,Acc:,0.865089,,Eval,Loss:,0.076416,,Eval,Acc:,0.872330,,PSNR:,25.733219
epoch:,403,,Train,Loss:,0.077897,,Train,Acc:,0.865955,,Eval,Loss:,0.076330,,Eval,Acc:,0.870352,,PSNR:,26.997730
epoch:,404,,Train,Loss:,0.077806,,Train,Acc:,0.865638,,Eval,Loss:,0.076222,,Eval,Acc:,0.871539,,PSNR:,23.613048
epoch:,405,,Train,Loss:,0.077699,,Train,Acc:,0.866155,,Eval,Loss:,0.076114,,Eval,Acc:,0.873319,,PSNR:,25.310683
epoch:,406,,Train,Loss:,0.077604,,Train,Acc:,0.865338,,Eval,Loss:,0.076037,,Eval,Acc:,0.873022,,PSNR:,25.004684
epoch:,407,,Train,Loss:,0.077504,,Train,Acc:,0.866055,,Eval,Loss:,0.075945,,Eval,Acc:,0.873022,,PSNR:,25.619342
epoch:,408,,Train,Loss:,0.077414,,Train,Acc:,0.865855,,Eval,Loss:,0.075833,,Eval,Acc:,0.872528,,PSNR:,25.005531
epoch:,409,,Train,Loss:,0.077324,,Train,Acc:,0.865755,,Eval,Loss:,0.075737,,Eval,Acc:,0.871440,,PSNR:,25.599015
epoch:,410,,Train,Loss:,0.077223,,Train,Acc:,0.865922,,Eval,Loss:,0.075659,,Eval,Acc:,0.873121,,PSNR:,24.702332
epoch:,411,,Train,Loss:,0.077128,,Train,Acc:,0.866305,,Eval,Loss:,0.075554,,Eval,Acc:,0.871835,,PSNR:,26.404618
epoch:,412,,Train,Loss:,0.077038,,Train,Acc:,0.865738,,Eval,Loss:,0.075467,,Eval,Acc:,0.872429,,PSNR:,24.943095
epoch:,413,,Train,Loss:,0.076945,,Train,Acc:,0.865955,,Eval,Loss:,0.075370,,Eval,Acc:,0.871143,,PSNR:,25.172323
epoch:,414,,Train,Loss:,0.076849,,Train,Acc:,0.866221,,Eval,Loss:,0.075278,,Eval,Acc:,0.871638,,PSNR:,25.913950
epoch:,415,,Train,Loss:,0.076753,,Train,Acc:,0.865638,,Eval,Loss:,0.075182,,Eval,Acc:,0.871638,,PSNR:,26.375881
epoch:,416,,Train,Loss:,0.076667,,Train,Acc:,0.865955,,Eval,Loss:,0.075087,,Eval,Acc:,0.873022,,PSNR:,25.075196
epoch:,417,,Train,Loss:,0.076571,,Train,Acc:,0.866738,,Eval,Loss:,0.074990,,Eval,Acc:,0.871539,,PSNR:,24.772454
epoch:,418,,Train,Loss:,0.076474,,Train,Acc:,0.866538,,Eval,Loss:,0.074924,,Eval,Acc:,0.873022,,PSNR:,26.428141
epoch:,419,,Train,Loss:,0.076388,,Train,Acc:,0.865772,,Eval,Loss:,0.074810,,Eval,Acc:,0.872033,,PSNR:,23.914849
epoch:,420,,Train,Loss:,0.076298,,Train,Acc:,0.866921,,Eval,Loss:,0.074716,,Eval,Acc:,0.873714,,PSNR:,25.424286
epoch:,421,,Train,Loss:,0.076200,,Train,Acc:,0.866621,,Eval,Loss:,0.074647,,Eval,Acc:,0.874110,,PSNR:,26.057598
epoch:,422,,Train,Loss:,0.076113,,Train,Acc:,0.866538,,Eval,Loss:,0.074535,,Eval,Acc:,0.873319,,PSNR:,24.891285
epoch:,423,,Train,Loss:,0.076023,,Train,Acc:,0.867021,,Eval,Loss:,0.074458,,Eval,Acc:,0.872033,,PSNR:,24.847856
epoch:,424,,Train,Loss:,0.075927,,Train,Acc:,0.866138,,Eval,Loss:,0.074373,,Eval,Acc:,0.873121,,PSNR:,26.002546
epoch:,425,,Train,Loss:,0.075840,,Train,Acc:,0.867121,,Eval,Loss:,0.074272,,Eval,Acc:,0.873616,,PSNR:,23.762509
epoch:,426,,Train,Loss:,0.075745,,Train,Acc:,0.866704,,Eval,Loss:,0.074183,,Eval,Acc:,0.873319,,PSNR:,25.067726
epoch:,427,,Train,Loss:,0.075648,,Train,Acc:,0.867504,,Eval,Loss:,0.074112,,Eval,Acc:,0.873813,,PSNR:,25.909666
epoch:,428,,Train,Loss:,0.075563,,Train,Acc:,0.867254,,Eval,Loss:,0.074003,,Eval,Acc:,0.872923,,PSNR:,26.254454
epoch:,429,,Train,Loss:,0.075473,,Train,Acc:,0.866704,,Eval,Loss:,0.073912,,Eval,Acc:,0.873121,,PSNR:,24.900411
epoch:,430,,Train,Loss:,0.075385,,Train,Acc:,0.866954,,Eval,Loss:,0.073829,,Eval,Acc:,0.873220,,PSNR:,25.824230
epoch:,431,,Train,Loss:,0.075300,,Train,Acc:,0.866788,,Eval,Loss:,0.073739,,Eval,Acc:,0.871934,,PSNR:,25.303653
epoch:,432,,Train,Loss:,0.075207,,Train,Acc:,0.867104,,Eval,Loss:,0.073655,,Eval,Acc:,0.873022,,PSNR:,25.253642
epoch:,433,,Train,Loss:,0.075123,,Train,Acc:,0.867237,,Eval,Loss:,0.073583,,Eval,Acc:,0.873912,,PSNR:,25.696149
epoch:,434,,Train,Loss:,0.075039,,Train,Acc:,0.867537,,Eval,Loss:,0.073482,,Eval,Acc:,0.872923,,PSNR:,26.444861
epoch:,435,,Train,Loss:,0.074947,,Train,Acc:,0.867920,,Eval,Loss:,0.073404,,Eval,Acc:,0.873319,,PSNR:,25.924129
epoch:,436,,Train,Loss:,0.074858,,Train,Acc:,0.867704,,Eval,Loss:,0.073322,,Eval,Acc:,0.873220,,PSNR:,25.651187
epoch:,437,,Train,Loss:,0.074776,,Train,Acc:,0.867171,,Eval,Loss:,0.073217,,Eval,Acc:,0.873418,,PSNR:,25.978225
epoch:,438,,Train,Loss:,0.074686,,Train,Acc:,0.867904,,Eval,Loss:,0.073145,,Eval,Acc:,0.872429,,PSNR:,26.458866
epoch:,439,,Train,Loss:,0.074598,,Train,Acc:,0.867487,,Eval,Loss:,0.073042,,Eval,Acc:,0.874703,,PSNR:,26.131014
epoch:,440,,Train,Loss:,0.074520,,Train,Acc:,0.867704,,Eval,Loss:,0.072979,,Eval,Acc:,0.874407,,PSNR:,23.868106
epoch:,441,,Train,Loss:,0.074427,,Train,Acc:,0.867937,,Eval,Loss:,0.072880,,Eval,Acc:,0.873121,,PSNR:,26.659523
epoch:,442,,Train,Loss:,0.074333,,Train,Acc:,0.867654,,Eval,Loss:,0.072790,,Eval,Acc:,0.874604,,PSNR:,25.936788
epoch:,443,,Train,Loss:,0.074259,,Train,Acc:,0.867654,,Eval,Loss:,0.072707,,Eval,Acc:,0.874011,,PSNR:,25.590297
epoch:,444,,Train,Loss:,0.074176,,Train,Acc:,0.868154,,Eval,Loss:,0.072636,,Eval,Acc:,0.875198,,PSNR:,25.666982
epoch:,445,,Train,Loss:,0.074084,,Train,Acc:,0.867721,,Eval,Loss:,0.072539,,Eval,Acc:,0.873517,,PSNR:,26.666149
epoch:,446,,Train,Loss:,0.074008,,Train,Acc:,0.868770,,Eval,Loss:,0.072453,,Eval,Acc:,0.874604,,PSNR:,25.967954
epoch:,447,,Train,Loss:,0.073918,,Train,Acc:,0.868470,,Eval,Loss:,0.072389,,Eval,Acc:,0.874802,,PSNR:,25.249443
epoch:,448,,Train,Loss:,0.073836,,Train,Acc:,0.868720,,Eval,Loss:,0.072293,,Eval,Acc:,0.873319,,PSNR:,26.161357
epoch:,449,,Train,Loss:,0.073755,,Train,Acc:,0.867837,,Eval,Loss:,0.072210,,Eval,Acc:,0.874011,,PSNR:,26.125138
epoch:,450,,Train,Loss:,0.073659,,Train,Acc:,0.868204,,Eval,Loss:,0.072130,,Eval,Acc:,0.873813,,PSNR:,26.718568
epoch:,451,,Train,Loss:,0.073581,,Train,Acc:,0.868537,,Eval,Loss:,0.072051,,Eval,Acc:,0.874308,,PSNR:,27.788963
epoch:,452,,Train,Loss:,0.073503,,Train,Acc:,0.868503,,Eval,Loss:,0.071970,,Eval,Acc:,0.875198,,PSNR:,25.798516
epoch:,453,,Train,Loss:,0.073420,,Train,Acc:,0.868887,,Eval,Loss:,0.071884,,Eval,Acc:,0.874802,,PSNR:,26.722750
epoch:,454,,Train,Loss:,0.073338,,Train,Acc:,0.869020,,Eval,Loss:,0.071804,,Eval,Acc:,0.875396,,PSNR:,26.055020
epoch:,455,,Train,Loss:,0.073256,,Train,Acc:,0.868220,,Eval,Loss:,0.071710,,Eval,Acc:,0.875396,,PSNR:,25.332642
epoch:,456,,Train,Loss:,0.073173,,Train,Acc:,0.868720,,Eval,Loss:,0.071628,,Eval,Acc:,0.873714,,PSNR:,25.103456
epoch:,457,,Train,Loss:,0.073094,,Train,Acc:,0.869086,,Eval,Loss:,0.071563,,Eval,Acc:,0.875297,,PSNR:,24.351434
epoch:,458,,Train,Loss:,0.073002,,Train,Acc:,0.868737,,Eval,Loss:,0.071477,,Eval,Acc:,0.874506,,PSNR:,25.721528
epoch:,459,,Train,Loss:,0.072930,,Train,Acc:,0.868903,,Eval,Loss:,0.071402,,Eval,Acc:,0.875297,,PSNR:,26.435319
epoch:,460,,Train,Loss:,0.072847,,Train,Acc:,0.868970,,Eval,Loss:,0.071312,,Eval,Acc:,0.874703,,PSNR:,26.140846
epoch:,461,,Train,Loss:,0.072759,,Train,Acc:,0.868920,,Eval,Loss:,0.071241,,Eval,Acc:,0.874901,,PSNR:,27.381074
epoch:,462,,Train,Loss:,0.072684,,Train,Acc:,0.868703,,Eval,Loss:,0.071160,,Eval,Acc:,0.874110,,PSNR:,25.987833
epoch:,463,,Train,Loss:,0.072602,,Train,Acc:,0.868820,,Eval,Loss:,0.071079,,Eval,Acc:,0.873813,,PSNR:,26.215573
epoch:,464,,Train,Loss:,0.072521,,Train,Acc:,0.869037,,Eval,Loss:,0.071012,,Eval,Acc:,0.875989,,PSNR:,27.484368
epoch:,465,,Train,Loss:,0.072441,,Train,Acc:,0.868720,,Eval,Loss:,0.070926,,Eval,Acc:,0.875198,,PSNR:,26.479784
epoch:,466,,Train,Loss:,0.072368,,Train,Acc:,0.869320,,Eval,Loss:,0.070847,,Eval,Acc:,0.873121,,PSNR:,26.270030
epoch:,467,,Train,Loss:,0.072284,,Train,Acc:,0.868953,,Eval,Loss:,0.070769,,Eval,Acc:,0.874703,,PSNR:,26.066058
epoch:,468,,Train,Loss:,0.072200,,Train,Acc:,0.869103,,Eval,Loss:,0.070706,,Eval,Acc:,0.874407,,PSNR:,26.145791
epoch:,469,,Train,Loss:,0.072133,,Train,Acc:,0.868987,,Eval,Loss:,0.070605,,Eval,Acc:,0.876088,,PSNR:,26.025311
epoch:,470,,Train,Loss:,0.072049,,Train,Acc:,0.869320,,Eval,Loss:,0.070525,,Eval,Acc:,0.874604,,PSNR:,26.092591
epoch:,471,,Train,Loss:,0.071971,,Train,Acc:,0.869719,,Eval,Loss:,0.070454,,Eval,Acc:,0.875396,,PSNR:,25.956467
epoch:,472,,Train,Loss:,0.071891,,Train,Acc:,0.869370,,Eval,Loss:,0.070380,,Eval,Acc:,0.875692,,PSNR:,26.560463
epoch:,473,,Train,Loss:,0.071815,,Train,Acc:,0.869653,,Eval,Loss:,0.070305,,Eval,Acc:,0.874308,,PSNR:,25.603774
epoch:,474,,Train,Loss:,0.071740,,Train,Acc:,0.869236,,Eval,Loss:,0.070218,,Eval,Acc:,0.875890,,PSNR:,26.144076
epoch:,475,,Train,Loss:,0.071658,,Train,Acc:,0.870419,,Eval,Loss:,0.070143,,Eval,Acc:,0.875198,,PSNR:,26.366145
epoch:,476,,Train,Loss:,0.071580,,Train,Acc:,0.869903,,Eval,Loss:,0.070079,,Eval,Acc:,0.875791,,PSNR:,26.991305
epoch:,477,,Train,Loss:,0.071507,,Train,Acc:,0.869586,,Eval,Loss:,0.069993,,Eval,Acc:,0.876780,,PSNR:,26.362364
epoch:,478,,Train,Loss:,0.071435,,Train,Acc:,0.870253,,Eval,Loss:,0.069911,,Eval,Acc:,0.876780,,PSNR:,24.697564
epoch:,479,,Train,Loss:,0.071351,,Train,Acc:,0.870203,,Eval,Loss:,0.069843,,Eval,Acc:,0.875890,,PSNR:,26.453993
epoch:,480,,Train,Loss:,0.071266,,Train,Acc:,0.870103,,Eval,Loss:,0.069773,,Eval,Acc:,0.875890,,PSNR:,27.300033
epoch:,481,,Train,Loss:,0.071205,,Train,Acc:,0.870469,,Eval,Loss:,0.069690,,Eval,Acc:,0.874901,,PSNR:,25.925503
epoch:,482,,Train,Loss:,0.071124,,Train,Acc:,0.870919,,Eval,Loss:,0.069610,,Eval,Acc:,0.876681,,PSNR:,27.874467
epoch:,483,,Train,Loss:,0.071054,,Train,Acc:,0.869769,,Eval,Loss:,0.069546,,Eval,Acc:,0.876286,,PSNR:,26.051950
epoch:,484,,Train,Loss:,0.070972,,Train,Acc:,0.870219,,Eval,Loss:,0.069459,,Eval,Acc:,0.874506,,PSNR:,26.601139
epoch:,485,,Train,Loss:,0.070900,,Train,Acc:,0.870619,,Eval,Loss:,0.069400,,Eval,Acc:,0.875989,,PSNR:,25.360195
epoch:,486,,Train,Loss:,0.070826,,Train,Acc:,0.869353,,Eval,Loss:,0.069328,,Eval,Acc:,0.876483,,PSNR:,25.890535
epoch:,487,,Train,Loss:,0.070753,,Train,Acc:,0.870602,,Eval,Loss:,0.069251,,Eval,Acc:,0.876187,,PSNR:,25.837040
epoch:,488,,Train,Loss:,0.070679,,Train,Acc:,0.870452,,Eval,Loss:,0.069164,,Eval,Acc:,0.876088,,PSNR:,26.567374
epoch:,489,,Train,Loss:,0.070599,,Train,Acc:,0.870386,,Eval,Loss:,0.069098,,Eval,Acc:,0.876879,,PSNR:,27.697018
epoch:,490,,Train,Loss:,0.070528,,Train,Acc:,0.870253,,Eval,Loss:,0.069029,,Eval,Acc:,0.874901,,PSNR:,27.410763
epoch:,491,,Train,Loss:,0.070456,,Train,Acc:,0.870586,,Eval,Loss:,0.068951,,Eval,Acc:,0.875396,,PSNR:,26.362046
epoch:,492,,Train,Loss:,0.070377,,Train,Acc:,0.870669,,Eval,Loss:,0.068887,,Eval,Acc:,0.875198,,PSNR:,26.574793
epoch:,493,,Train,Loss:,0.070306,,Train,Acc:,0.870552,,Eval,Loss:,0.068813,,Eval,Acc:,0.875692,,PSNR:,24.635219
epoch:,494,,Train,Loss:,0.070234,,Train,Acc:,0.870619,,Eval,Loss:,0.068748,,Eval,Acc:,0.876681,,PSNR:,26.653411
epoch:,495,,Train,Loss:,0.070157,,Train,Acc:,0.870469,,Eval,Loss:,0.068674,,Eval,Acc:,0.876286,,PSNR:,26.822641
epoch:,496,,Train,Loss:,0.070089,,Train,Acc:,0.871069,,Eval,Loss:,0.068583,,Eval,Acc:,0.875692,,PSNR:,27.209669
epoch:,497,,Train,Loss:,0.070014,,Train,Acc:,0.870736,,Eval,Loss:,0.068515,,Eval,Acc:,0.876088,,PSNR:,26.606410
epoch:,498,,Train,Loss:,0.069950,,Train,Acc:,0.870486,,Eval,Loss:,0.068447,,Eval,Acc:,0.876978,,PSNR:,25.208984
epoch:,499,,Train,Loss:,0.069874,,Train,Acc:,0.870402,,Eval,Loss:,0.068377,,Eval,Acc:,0.877373,,PSNR:,26.948411
epoch:,500,,Train,Loss:,0.069870,,Train,Acc:,0.870405,,Eval,Loss:,0.068375,,Eval,Acc:,0.877370,,PSNR:,26.948410