epoch: 0, Train Loss: 2.026901, Train Acc: 0.182353, Eval Loss: 1.961236, Eval Acc: 0.275514, PSNR: 1.300320
epoch: 1, Train Loss: 1.907429, Train Acc: 0.346299, Eval Loss: 1.836264, Eval Acc: 0.435819, PSNR: 0.826607
epoch: 2, Train Loss: 1.780508, Train Acc: 0.473497, Eval Loss: 1.704980, Eval Acc: 0.524229, PSNR: 2.078429
epoch: 3, Train Loss: 1.651039, Train Acc: 0.541828, Eval Loss: 1.576982, Eval Acc: 0.578916, PSNR: 3.096377
epoch: 4, Train Loss: 1.531193, Train Acc: 0.589036, Eval Loss: 1.463892, Eval Acc: 0.611650, PSNR: 2.292651
epoch: 5, Train Loss: 1.428061, Train Acc: 0.618553, Eval Loss: 1.368687, Eval Acc: 0.634593, PSNR: 2.500655
epoch: 6, Train Loss: 1.341550, Train Acc: 0.640858, Eval Loss: 1.289321, Eval Acc: 0.654173, PSNR: 3.063429
epoch: 7, Train Loss: 1.269196, Train Acc: 0.656433, Eval Loss: 1.222991, Eval Acc: 0.667820, PSNR: 3.567788
epoch: 8, Train Loss: 1.209278, Train Acc: 0.668660, Eval Loss: 1.168608, Eval Acc: 0.679490, PSNR: 4.750904
epoch: 9, Train Loss: 1.157275, Train Acc: 0.683219, Eval Loss: 1.119982, Eval Acc: 0.692247, PSNR: 3.866199
epoch: 10, Train Loss: 1.113631, Train Acc: 0.692681, Eval Loss: 1.079034, Eval Acc: 0.697884, PSNR: 4.823395
epoch: 11, Train Loss: 1.075073, Train Acc: 0.698994, Eval Loss: 1.043098, Eval Acc: 0.703916, PSNR: 4.370530
epoch: 12, Train Loss: 1.041509, Train Acc: 0.706573, Eval Loss: 1.011679, Eval Acc: 0.713805, PSNR: 4.769633
epoch: 13, Train Loss: 1.012656, Train Acc: 0.711987, Eval Loss: 0.984417, Eval Acc: 0.719442, PSNR: 4.200046
epoch: 14, Train Loss: 0.986754, Train Acc: 0.717667, Eval Loss: 0.958990, Eval Acc: 0.722310, PSNR: 4.460904
epoch: 15, Train Loss: 0.963694, Train Acc: 0.722148, Eval Loss: 0.938354, Eval Acc: 0.728837, PSNR: 4.812659
epoch: 16, Train Loss: 0.942667, Train Acc: 0.726979, Eval Loss: 0.917668, Eval Acc: 0.729233, PSNR: 5.441668
epoch: 17, Train Loss: 0.924220, Train Acc: 0.730694, Eval Loss: 0.899869, Eval Acc: 0.738924, PSNR: 4.843746
epoch: 18, Train Loss: 0.906488, Train Acc: 0.735141, Eval Loss: 0.883851, Eval Acc: 0.738528, PSNR: 5.110721
epoch: 19, Train Loss: 0.891146, Train Acc: 0.738473, Eval Loss: 0.868430, Eval Acc: 0.744066, PSNR: 5.923372
epoch: 20, Train Loss: 0.876986, Train Acc: 0.742337, Eval Loss: 0.855399, Eval Acc: 0.746242, PSNR: 5.266967
epoch: 21, Train Loss: 0.863150, Train Acc: 0.743104, Eval Loss: 0.841775, Eval Acc: 0.749407, PSNR: 5.779904
epoch: 22, Train Loss: 0.851174, Train Acc: 0.747102, Eval Loss: 0.830357, Eval Acc: 0.750297, PSNR: 4.991646
epoch: 23, Train Loss: 0.839484, Train Acc: 0.749200, Eval Loss: 0.819745, Eval Acc: 0.751384, PSNR: 5.365881
epoch: 24, Train Loss: 0.828149, Train Acc: 0.752399, Eval Loss: 0.807880, Eval Acc: 0.755934, PSNR: 6.159239
epoch: 25, Train Loss: 0.818516, Train Acc: 0.753848, Eval Loss: 0.798316, Eval Acc: 0.760087, PSNR: 6.173172
epoch: 26, Train Loss: 0.808932, Train Acc: 0.755680, Eval Loss: 0.789902, Eval Acc: 0.761570, PSNR: 6.000539
epoch: 27, Train Loss: 0.800763, Train Acc: 0.757146, Eval Loss: 0.779728, Eval Acc: 0.763548, PSNR: 7.619401
epoch: 28, Train Loss: 0.791880, Train Acc: 0.759328, Eval Loss: 0.774342, Eval Acc: 0.764142, PSNR: 6.217797
epoch: 29, Train Loss: 0.784469, Train Acc: 0.759412, Eval Loss: 0.764077, Eval Acc: 0.767801, PSNR: 7.037879
epoch: 30, Train Loss: 0.776652, Train Acc: 0.763376, Eval Loss: 0.757643, Eval Acc: 0.765131, PSNR: 6.606024
epoch: 31, Train Loss: 0.769949, Train Acc: 0.762510, Eval Loss: 0.751450, Eval Acc: 0.769778, PSNR: 6.597576
epoch: 32, Train Loss: 0.763290, Train Acc: 0.765142, Eval Loss: 0.743981, Eval Acc: 0.771559, PSNR: 6.844929
epoch: 33, Train Loss: 0.757181, Train Acc: 0.765708, Eval Loss: 0.737272, Eval Acc: 0.774525, PSNR: 6.376956
epoch: 34, Train Loss: 0.751358, Train Acc: 0.768473, Eval Loss: 0.732586, Eval Acc: 0.773635, PSNR: 6.254144
epoch: 35, Train Loss: 0.745102, Train Acc: 0.770139, Eval Loss: 0.726920, Eval Acc: 0.775811, PSNR: 6.503178
epoch: 36, Train Loss: 0.739157, Train Acc: 0.769806, Eval Loss: 0.719325, Eval Acc: 0.775514, PSNR: 7.435896
epoch: 37, Train Loss: 0.734132, Train Acc: 0.771005, Eval Loss: 0.717861, Eval Acc: 0.775613, PSNR: 6.913658
epoch: 38, Train Loss: 0.729846, Train Acc: 0.772471, Eval Loss: 0.713374, Eval Acc: 0.776108, PSNR: 6.934572
epoch: 39, Train Loss: 0.724337, Train Acc: 0.773921, Eval Loss: 0.706166, Eval Acc: 0.778382, PSNR: 7.654682
epoch: 40, Train Loss: 0.719780, Train Acc: 0.774320, Eval Loss: 0.702945, Eval Acc: 0.781448, PSNR: 7.348821
epoch: 41, Train Loss: 0.715374, Train Acc: 0.775420, Eval Loss: 0.697936, Eval Acc: 0.780657, PSNR: 6.559004
epoch: 42, Train Loss: 0.711284, Train Acc: 0.775703, Eval Loss: 0.693782, Eval Acc: 0.785898, PSNR: 7.259025
epoch: 43, Train Loss: 0.706795, Train Acc: 0.776553, Eval Loss: 0.689799, Eval Acc: 0.783920, PSNR: 7.364592
epoch: 44, Train Loss: 0.703883, Train Acc: 0.777752, Eval Loss: 0.684637, Eval Acc: 0.785305, PSNR: 7.146401
epoch: 45, Train Loss: 0.699620, Train Acc: 0.778885, Eval Loss: 0.680565, Eval Acc: 0.786294, PSNR: 6.889287
epoch: 46, Train Loss: 0.695462, Train Acc: 0.779434, Eval Loss: 0.679392, Eval Acc: 0.784415, PSNR: 7.683272
epoch: 47, Train Loss: 0.692160, Train Acc: 0.780917, Eval Loss: 0.674657, Eval Acc: 0.787579, PSNR: 7.964120
epoch: 48, Train Loss: 0.689047, Train Acc: 0.781267, Eval Loss: 0.670710, Eval Acc: 0.788271, PSNR: 8.066799
epoch: 49, Train Loss: 0.685436, Train Acc: 0.780917, Eval Loss: 0.668895, Eval Acc: 0.785206, PSNR: 7.873368
epoch: 50, Train Loss: 0.682666, Train Acc: 0.782783, Eval Loss: 0.665809, Eval Acc: 0.791930, PSNR: 7.270962
epoch: 51, Train Loss: 0.679113, Train Acc: 0.783465, Eval Loss: 0.662603, Eval Acc: 0.789656, PSNR: 7.534321
epoch: 52, Train Loss: 0.676822, Train Acc: 0.784482, Eval Loss: 0.656372, Eval Acc: 0.790150, PSNR: 8.393096
epoch: 53, Train Loss: 0.672781, Train Acc: 0.785248, Eval Loss: 0.655686, Eval Acc: 0.792623, PSNR: 8.050361
epoch: 54, Train Loss: 0.670795, Train Acc: 0.784748, Eval Loss: 0.651732, Eval Acc: 0.796677, PSNR: 9.200989
epoch: 55, Train Loss: 0.667668, Train Acc: 0.786730, Eval Loss: 0.648227, Eval Acc: 0.791831, PSNR: 7.406167
epoch: 56, Train Loss: 0.665069, Train Acc: 0.786797, Eval Loss: 0.647867, Eval Acc: 0.794502, PSNR: 6.880095
epoch: 57, Train Loss: 0.662767, Train Acc: 0.786830, Eval Loss: 0.644203, Eval Acc: 0.793809, PSNR: 7.420912
epoch: 58, Train Loss: 0.659548, Train Acc: 0.787347, Eval Loss: 0.641282, Eval Acc: 0.796677, PSNR: 7.281404
epoch: 59, Train Loss: 0.658031, Train Acc: 0.787463, Eval Loss: 0.640612, Eval Acc: 0.796183, PSNR: 7.612089
epoch: 60, Train Loss: 0.655098, Train Acc: 0.788746, Eval Loss: 0.637938, Eval Acc: 0.794600, PSNR: 8.228233
epoch: 61, Train Loss: 0.651919, Train Acc: 0.790512, Eval Loss: 0.633428, Eval Acc: 0.796875, PSNR: 6.860945
epoch: 62, Train Loss: 0.650097, Train Acc: 0.789779, Eval Loss: 0.632970, Eval Acc: 0.797963, PSNR: 7.914541
epoch: 63, Train Loss: 0.648375, Train Acc: 0.791228, Eval Loss: 0.629298, Eval Acc: 0.799644, PSNR: 8.327317
epoch: 64, Train Loss: 0.646430, Train Acc: 0.791778, Eval Loss: 0.628319, Eval Acc: 0.801226, PSNR: 8.301686
epoch: 65, Train Loss: 0.643993, Train Acc: 0.791295, Eval Loss: 0.626215, Eval Acc: 0.799248, PSNR: 7.786381
epoch: 66, Train Loss: 0.642912, Train Acc: 0.790745, Eval Loss: 0.623074, Eval Acc: 0.800831, PSNR: 9.194502
epoch: 67, Train Loss: 0.639437, Train Acc: 0.792894, Eval Loss: 0.622448, Eval Acc: 0.798655, PSNR: 9.572648
epoch: 68, Train Loss: 0.637939, Train Acc: 0.793027, Eval Loss: 0.619523, Eval Acc: 0.800435, PSNR: 8.263870
epoch: 69, Train Loss: 0.636576, Train Acc: 0.794360, Eval Loss: 0.617402, Eval Acc: 0.800138, PSNR: 8.006299
epoch: 70, Train Loss: 0.634308, Train Acc: 0.794660, Eval Loss: 0.617049, Eval Acc: 0.799545, PSNR: 9.473525
epoch: 71, Train Loss: 0.631844, Train Acc: 0.795009, Eval Loss: 0.615680, Eval Acc: 0.803303, PSNR: 8.625173
epoch: 72, Train Loss: 0.630693, Train Acc: 0.794709, Eval Loss: 0.613104, Eval Acc: 0.802314, PSNR: 9.463932
epoch: 73, Train Loss: 0.629115, Train Acc: 0.795193, Eval Loss: 0.611230, Eval Acc: 0.804292, PSNR: 8.330209
epoch: 74, Train Loss: 0.626959, Train Acc: 0.796875, Eval Loss: 0.610360, Eval Acc: 0.802413, PSNR: 8.268603
epoch: 75, Train Loss: 0.625456, Train Acc: 0.796192, Eval Loss: 0.610910, Eval Acc: 0.802314, PSNR: 7.815182
epoch: 76, Train Loss: 0.623185, Train Acc: 0.797641, Eval Loss: 0.604791, Eval Acc: 0.804885, PSNR: 8.659703
epoch: 77, Train Loss: 0.622786, Train Acc: 0.796425, Eval Loss: 0.603716, Eval Acc: 0.806171, PSNR: 8.230221
epoch: 78, Train Loss: 0.620685, Train Acc: 0.797708, Eval Loss: 0.602785, Eval Acc: 0.804094, PSNR: 8.221173
epoch: 79, Train Loss: 0.619104, Train Acc: 0.797891, Eval Loss: 0.599526, Eval Acc: 0.806072, PSNR: 9.048091
epoch: 80, Train Loss: 0.617794, Train Acc: 0.798624, Eval Loss: 0.600381, Eval Acc: 0.802116, PSNR: 8.589096
epoch: 81, Train Loss: 0.616239, Train Acc: 0.798374, Eval Loss: 0.596600, Eval Acc: 0.805083, PSNR: 9.708756
epoch: 82, Train Loss: 0.614497, Train Acc: 0.799457, Eval Loss: 0.596228, Eval Acc: 0.807160, PSNR: 8.879459
epoch: 83, Train Loss: 0.613599, Train Acc: 0.797858, Eval Loss: 0.595595, Eval Acc: 0.806962, PSNR: 8.591873
epoch: 84, Train Loss: 0.612303, Train Acc: 0.798657, Eval Loss: 0.594837, Eval Acc: 0.805182, PSNR: 8.298165
epoch: 85, Train Loss: 0.610672, Train Acc: 0.800123, Eval Loss: 0.593480, Eval Acc: 0.805676, PSNR: 8.493822
epoch: 86, Train Loss: 0.609633, Train Acc: 0.799274, Eval Loss: 0.590612, Eval Acc: 0.808445, PSNR: 9.012846
epoch: 87, Train Loss: 0.607234, Train Acc: 0.801373, Eval Loss: 0.592415, Eval Acc: 0.804490, PSNR: 8.719577
epoch: 88, Train Loss: 0.606360, Train Acc: 0.800673, Eval Loss: 0.588775, Eval Acc: 0.807061, PSNR: 8.840274
epoch: 89, Train Loss: 0.604572, Train Acc: 0.801806, Eval Loss: 0.589968, Eval Acc: 0.807753, PSNR: 8.688368
epoch: 90, Train Loss: 0.604189, Train Acc: 0.802739, Eval Loss: 0.586241, Eval Acc: 0.808445, PSNR: 8.922282
epoch: 91, Train Loss: 0.603066, Train Acc: 0.802022, Eval Loss: 0.584221, Eval Acc: 0.812104, PSNR: 8.738423
epoch: 92, Train Loss: 0.601329, Train Acc: 0.802372, Eval Loss: 0.583937, Eval Acc: 0.809434, PSNR: 8.648848
epoch: 93, Train Loss: 0.600476, Train Acc: 0.801856, Eval Loss: 0.581812, Eval Acc: 0.809138, PSNR: 9.336985
epoch: 94, Train Loss: 0.599965, Train Acc: 0.802405, Eval Loss: 0.581827, Eval Acc: 0.809138, PSNR: 8.974243
epoch: 95, Train Loss: 0.597512, Train Acc: 0.803288, Eval Loss: 0.580185, Eval Acc: 0.810423, PSNR: 8.004803
epoch: 96, Train Loss: 0.597021, Train Acc: 0.803588, Eval Loss: 0.577984, Eval Acc: 0.809731, PSNR: 8.139433
epoch: 97, Train Loss: 0.596272, Train Acc: 0.803305, Eval Loss: 0.578495, Eval Acc: 0.807951, PSNR: 8.728855
epoch: 98, Train Loss: 0.595205, Train Acc: 0.803188, Eval Loss: 0.575463, Eval Acc: 0.808643, PSNR: 8.722023
epoch: 99, Train Loss: 0.593005, Train Acc: 0.804021, Eval Loss: 0.576655, Eval Acc: 0.812401, PSNR: 9.568199
epoch: 100, Train Loss: 0.592380, Train Acc: 0.804871, Eval Loss: 0.574953, Eval Acc: 0.814676, PSNR: 8.931657
epoch: 101, Train Loss: 0.592120, Train Acc: 0.804304, Eval Loss: 0.574141, Eval Acc: 0.810028, PSNR: 9.667093
epoch: 102, Train Loss: 0.591103, Train Acc: 0.805370, Eval Loss: 0.574406, Eval Acc: 0.813291, PSNR: 8.812151
epoch: 103, Train Loss: 0.588700, Train Acc: 0.804538, Eval Loss: 0.572803, Eval Acc: 0.812698, PSNR: 9.257199
epoch: 104, Train Loss: 0.588620, Train Acc: 0.806137, Eval Loss: 0.569501, Eval Acc: 0.810819, PSNR: 9.016935
epoch: 105, Train Loss: 0.587395, Train Acc: 0.804854, Eval Loss: 0.570153, Eval Acc: 0.811214, PSNR: 9.378974
epoch: 106, Train Loss: 0.586709, Train Acc: 0.805021, Eval Loss: 0.568950, Eval Acc: 0.812401, PSNR: 9.542564
epoch: 107, Train Loss: 0.586031, Train Acc: 0.805687, Eval Loss: 0.567574, Eval Acc: 0.810918, PSNR: 9.656297
epoch: 108, Train Loss: 0.585252, Train Acc: 0.806503, Eval Loss: 0.566107, Eval Acc: 0.814478, PSNR: 9.403396
epoch: 109, Train Loss: 0.583515, Train Acc: 0.807053, Eval Loss: 0.564905, Eval Acc: 0.813884, PSNR: 9.459683
epoch: 110, Train Loss: 0.583049, Train Acc: 0.806936, Eval Loss: 0.565338, Eval Acc: 0.809830, PSNR: 10.123777
epoch: 111, Train Loss: 0.581892, Train Acc: 0.807036, Eval Loss: 0.566438, Eval Acc: 0.812698, PSNR: 9.872947
epoch: 112, Train Loss: 0.581421, Train Acc: 0.807186, Eval Loss: 0.564161, Eval Acc: 0.815665, PSNR: 9.857272
epoch: 113, Train Loss: 0.579717, Train Acc: 0.807403, Eval Loss: 0.562015, Eval Acc: 0.815467, PSNR: 9.198045
epoch: 114, Train Loss: 0.579079, Train Acc: 0.807403, Eval Loss: 0.561840, Eval Acc: 0.818137, PSNR: 8.747262
epoch: 115, Train Loss: 0.578646, Train Acc: 0.806986, Eval Loss: 0.562843, Eval Acc: 0.815566, PSNR: 9.113764
epoch: 116, Train Loss: 0.578090, Train Acc: 0.807719, Eval Loss: 0.561821, Eval Acc: 0.814379, PSNR: 9.043351
epoch: 117, Train Loss: 0.577092, Train Acc: 0.807736, Eval Loss: 0.561491, Eval Acc: 0.813983, PSNR: 10.043585
epoch: 118, Train Loss: 0.576206, Train Acc: 0.809285, Eval Loss: 0.558593, Eval Acc: 0.815566, PSNR: 9.360089
epoch: 119, Train Loss: 0.574956, Train Acc: 0.809701, Eval Loss: 0.557595, Eval Acc: 0.817346, PSNR: 10.064439
epoch: 120, Train Loss: 0.574248, Train Acc: 0.808902, Eval Loss: 0.557218, Eval Acc: 0.816060, PSNR: 9.524588
epoch: 121, Train Loss: 0.574216, Train Acc: 0.809135, Eval Loss: 0.554566, Eval Acc: 0.813687, PSNR: 8.855951
epoch: 122, Train Loss: 0.573226, Train Acc: 0.809135, Eval Loss: 0.555415, Eval Acc: 0.816653, PSNR: 9.720057
epoch: 123, Train Loss: 0.572503, Train Acc: 0.810834, Eval Loss: 0.553333, Eval Acc: 0.816258, PSNR: 9.888138
epoch: 124, Train Loss: 0.571545, Train Acc: 0.810368, Eval Loss: 0.553011, Eval Acc: 0.817642, PSNR: 8.910706
epoch: 125, Train Loss: 0.571195, Train Acc: 0.809185, Eval Loss: 0.552809, Eval Acc: 0.819324, PSNR: 10.493295
epoch: 126, Train Loss: 0.570452, Train Acc: 0.810018, Eval Loss: 0.553720, Eval Acc: 0.819818, PSNR: 10.781597
epoch: 127, Train Loss: 0.569216, Train Acc: 0.810351, Eval Loss: 0.550841, Eval Acc: 0.816752, PSNR: 10.195491
epoch: 128, Train Loss: 0.568368, Train Acc: 0.811017, Eval Loss: 0.550842, Eval Acc: 0.815763, PSNR: 8.989477
epoch: 129, Train Loss: 0.567589, Train Acc: 0.811750, Eval Loss: 0.550410, Eval Acc: 0.821994, PSNR: 10.941091
epoch: 130, Train Loss: 0.566956, Train Acc: 0.810334, Eval Loss: 0.547158, Eval Acc: 0.819225, PSNR: 8.928315
epoch: 131, Train Loss: 0.566907, Train Acc: 0.810951, Eval Loss: 0.548822, Eval Acc: 0.817840, PSNR: 8.461431
epoch: 132, Train Loss: 0.565532, Train Acc: 0.810951, Eval Loss: 0.548810, Eval Acc: 0.818038, PSNR: 9.551273
epoch: 133, Train Loss: 0.565446, Train Acc: 0.811917, Eval Loss: 0.547610, Eval Acc: 0.816456, PSNR: 9.926392
epoch: 134, Train Loss: 0.564933, Train Acc: 0.811667, Eval Loss: 0.547017, Eval Acc: 0.817939, PSNR: 9.726654
epoch: 135, Train Loss: 0.563145, Train Acc: 0.811517, Eval Loss: 0.546105, Eval Acc: 0.818038, PSNR: 9.305979
epoch: 136, Train Loss: 0.562738, Train Acc: 0.811301, Eval Loss: 0.544975, Eval Acc: 0.819126, PSNR: 10.291852
epoch: 137, Train Loss: 0.562908, Train Acc: 0.811634, Eval Loss: 0.544910, Eval Acc: 0.818532, PSNR: 8.616069
epoch: 138, Train Loss: 0.561550, Train Acc: 0.812650, Eval Loss: 0.545022, Eval Acc: 0.818236, PSNR: 10.302499
epoch: 139, Train Loss: 0.561450, Train Acc: 0.813483, Eval Loss: 0.544334, Eval Acc: 0.818038, PSNR: 9.784752
epoch: 140, Train Loss: 0.560146, Train Acc: 0.813233, Eval Loss: 0.542017, Eval Acc: 0.818829, PSNR: 9.936421
epoch: 141, Train Loss: 0.559573, Train Acc: 0.813549, Eval Loss: 0.542145, Eval Acc: 0.819225, PSNR: 10.360216
epoch: 142, Train Loss: 0.559351, Train Acc: 0.812567, Eval Loss: 0.540778, Eval Acc: 0.818335, PSNR: 10.143892
epoch: 143, Train Loss: 0.558861, Train Acc: 0.814466, Eval Loss: 0.540807, Eval Acc: 0.820411, PSNR: 10.088517
epoch: 144, Train Loss: 0.557353, Train Acc: 0.814949, Eval Loss: 0.542457, Eval Acc: 0.821796, PSNR: 9.190712
epoch: 145, Train Loss: 0.557412, Train Acc: 0.813266, Eval Loss: 0.540763, Eval Acc: 0.821598, PSNR: 10.227631
epoch: 146, Train Loss: 0.555976, Train Acc: 0.814899, Eval Loss: 0.540085, Eval Acc: 0.819225, PSNR: 9.976641
epoch: 147, Train Loss: 0.556502, Train Acc: 0.813316, Eval Loss: 0.538254, Eval Acc: 0.820807, PSNR: 9.677830
epoch: 148, Train Loss: 0.555351, Train Acc: 0.814299, Eval Loss: 0.539751, Eval Acc: 0.817642, PSNR: 9.547465
epoch: 149, Train Loss: 0.554484, Train Acc: 0.814616, Eval Loss: 0.537813, Eval Acc: 0.819521, PSNR: 9.905361
epoch: 150, Train Loss: 0.554448, Train Acc: 0.814582, Eval Loss: 0.537998, Eval Acc: 0.820807, PSNR: 10.560835
epoch: 151, Train Loss: 0.552789, Train Acc: 0.816448, Eval Loss: 0.536995, Eval Acc: 0.821994, PSNR: 9.319565
epoch: 152, Train Loss: 0.552901, Train Acc: 0.816231, Eval Loss: 0.537884, Eval Acc: 0.821895, PSNR: 9.814985
epoch: 153, Train Loss: 0.553017, Train Acc: 0.813999, Eval Loss: 0.535900, Eval Acc: 0.822389, PSNR: 10.404397
epoch: 154, Train Loss: 0.552454, Train Acc: 0.815482, Eval Loss: 0.537605, Eval Acc: 0.821005, PSNR: 10.308616
epoch: 155, Train Loss: 0.552669, Train Acc: 0.814649, Eval Loss: 0.532446, Eval Acc: 0.821697, PSNR: 10.058199
epoch: 156, Train Loss: 0.551003, Train Acc: 0.815482, Eval Loss: 0.533030, Eval Acc: 0.824862, PSNR: 9.684869
epoch: 157, Train Loss: 0.550984, Train Acc: 0.815981, Eval Loss: 0.533664, Eval Acc: 0.820016, PSNR: 10.137298
epoch: 158, Train Loss: 0.550482, Train Acc: 0.816698, Eval Loss: 0.532847, Eval Acc: 0.819719, PSNR: 8.868210
epoch: 159, Train Loss: 0.550146, Train Acc: 0.816814, Eval Loss: 0.533492, Eval Acc: 0.825356, PSNR: 10.604090
epoch: 160, Train Loss: 0.549547, Train Acc: 0.816065, Eval Loss: 0.531306, Eval Acc: 0.823576, PSNR: 10.922816
epoch: 161, Train Loss: 0.549184, Train Acc: 0.814932, Eval Loss: 0.531529, Eval Acc: 0.820411, PSNR: 10.534286
epoch: 162, Train Loss: 0.548791, Train Acc: 0.815865, Eval Loss: 0.531809, Eval Acc: 0.822093, PSNR: 9.785270
epoch: 163, Train Loss: 0.547586, Train Acc: 0.816448, Eval Loss: 0.529622, Eval Acc: 0.822983, PSNR: 9.662093
epoch: 164, Train Loss: 0.547629, Train Acc: 0.816031, Eval Loss: 0.528635, Eval Acc: 0.826246, PSNR: 8.693791
epoch: 165, Train Loss: 0.546924, Train Acc: 0.815598, Eval Loss: 0.528366, Eval Acc: 0.824960, PSNR: 10.249739
epoch: 166, Train Loss: 0.545854, Train Acc: 0.816881, Eval Loss: 0.528945, Eval Acc: 0.820016, PSNR: 10.163845
epoch: 167, Train Loss: 0.545664, Train Acc: 0.817048, Eval Loss: 0.528002, Eval Acc: 0.824268, PSNR: 10.059518
epoch: 168, Train Loss: 0.545307, Train Acc: 0.818180, Eval Loss: 0.530227, Eval Acc: 0.821598, PSNR: 9.427902
epoch: 169, Train Loss: 0.545620, Train Acc: 0.815915, Eval Loss: 0.527611, Eval Acc: 0.823279, PSNR: 9.976178
epoch: 170, Train Loss: 0.544948, Train Acc: 0.816298, Eval Loss: 0.528781, Eval Acc: 0.822389, PSNR: 11.017856
epoch: 171, Train Loss: 0.544234, Train Acc: 0.817547, Eval Loss: 0.527875, Eval Acc: 0.822488, PSNR: 10.903611
epoch: 172, Train Loss: 0.543509, Train Acc: 0.817264, Eval Loss: 0.523988, Eval Acc: 0.823774, PSNR: 9.186703
epoch: 173, Train Loss: 0.543386, Train Acc: 0.818647, Eval Loss: 0.527144, Eval Acc: 0.822686, PSNR: 9.794057
epoch: 174, Train Loss: 0.542188, Train Acc: 0.817814, Eval Loss: 0.525565, Eval Acc: 0.823576, PSNR: 10.368830
epoch: 175, Train Loss: 0.542456, Train Acc: 0.818364, Eval Loss: 0.526406, Eval Acc: 0.822191, PSNR: 9.673718
epoch: 176, Train Loss: 0.542822, Train Acc: 0.816398, Eval Loss: 0.525661, Eval Acc: 0.824367, PSNR: 10.603326
epoch: 177, Train Loss: 0.541287, Train Acc: 0.818547, Eval Loss: 0.525084, Eval Acc: 0.826938, PSNR: 10.150055
epoch: 178, Train Loss: 0.540643, Train Acc: 0.818963, Eval Loss: 0.525076, Eval Acc: 0.825059, PSNR: 10.080245
epoch: 179, Train Loss: 0.540393, Train Acc: 0.818330, Eval Loss: 0.522043, Eval Acc: 0.824367, PSNR: 10.256233
epoch: 180, Train Loss: 0.540362, Train Acc: 0.818647, Eval Loss: 0.521254, Eval Acc: 0.826938, PSNR: 8.622608
epoch: 181, Train Loss: 0.538919, Train Acc: 0.819663, Eval Loss: 0.521437, Eval Acc: 0.823774, PSNR: 10.859997
epoch: 182, Train Loss: 0.540053, Train Acc: 0.818014, Eval Loss: 0.522414, Eval Acc: 0.827334, PSNR: 10.702927
epoch: 183, Train Loss: 0.539401, Train Acc: 0.818580, Eval Loss: 0.522417, Eval Acc: 0.825554, PSNR: 9.983749
epoch: 184, Train Loss: 0.538760, Train Acc: 0.818813, Eval Loss: 0.520887, Eval Acc: 0.825850, PSNR: 9.978575
epoch: 185, Train Loss: 0.537573, Train Acc: 0.819630, Eval Loss: 0.521038, Eval Acc: 0.824070, PSNR: 9.825384
epoch: 186, Train Loss: 0.537951, Train Acc: 0.819680, Eval Loss: 0.517769, Eval Acc: 0.827334, PSNR: 10.880801
epoch: 187, Train Loss: 0.537308, Train Acc: 0.818830, Eval Loss: 0.519390, Eval Acc: 0.826345, PSNR: 10.162154
epoch: 188, Train Loss: 0.536372, Train Acc: 0.818497, Eval Loss: 0.520756, Eval Acc: 0.826048, PSNR: 11.404612
epoch: 189, Train Loss: 0.536383, Train Acc: 0.819646, Eval Loss: 0.518037, Eval Acc: 0.828422, PSNR: 10.461280
epoch: 190, Train Loss: 0.535711, Train Acc: 0.820396, Eval Loss: 0.519004, Eval Acc: 0.825752, PSNR: 10.398344
epoch: 191, Train Loss: 0.536015, Train Acc: 0.820246, Eval Loss: 0.518857, Eval Acc: 0.824862, PSNR: 10.346627
epoch: 192, Train Loss: 0.535182, Train Acc: 0.820163, Eval Loss: 0.518592, Eval Acc: 0.825158, PSNR: 9.507345
epoch: 193, Train Loss: 0.535554, Train Acc: 0.819813, Eval Loss: 0.516287, Eval Acc: 0.827532, PSNR: 9.581924
epoch: 194, Train Loss: 0.534044, Train Acc: 0.820779, Eval Loss: 0.518288, Eval Acc: 0.827037, PSNR: 10.232278
epoch: 195, Train Loss: 0.533975, Train Acc: 0.820229, Eval Loss: 0.518556, Eval Acc: 0.824664, PSNR: 10.548305
epoch: 196, Train Loss: 0.533290, Train Acc: 0.820496, Eval Loss: 0.516493, Eval Acc: 0.826345, PSNR: 10.593833
epoch: 197, Train Loss: 0.532964, Train Acc: 0.820146, Eval Loss: 0.512824, Eval Acc: 0.828224, PSNR: 9.669181
epoch: 198, Train Loss: 0.533310, Train Acc: 0.820979, Eval Loss: 0.517179, Eval Acc: 0.826543, PSNR: 10.842111
epoch: 199, Train Loss: 0.532700, Train Acc: 0.820163, Eval Loss: 0.513839, Eval Acc: 0.826147, PSNR: 10.435366
epoch: 200, Train Loss: 0.532316, Train Acc: 0.820896, Eval Loss: 0.514374, Eval Acc: 0.827037, PSNR: 9.436280
epoch: 201, Train Loss: 0.530747, Train Acc: 0.821695, Eval Loss: 0.516116, Eval Acc: 0.825752, PSNR: 10.936073
epoch: 202, Train Loss: 0.531439, Train Acc: 0.821362, Eval Loss: 0.514349, Eval Acc: 0.826345, PSNR: 9.795572
epoch: 203, Train Loss: 0.530754, Train Acc: 0.822078, Eval Loss: 0.512550, Eval Acc: 0.827532, PSNR: 10.579607
epoch: 204, Train Loss: 0.529868, Train Acc: 0.821045, Eval Loss: 0.514879, Eval Acc: 0.828026, PSNR: 10.539570
epoch: 205, Train Loss: 0.530422, Train Acc: 0.821312, Eval Loss: 0.513916, Eval Acc: 0.828718, PSNR: 9.920784
epoch: 206, Train Loss: 0.530199, Train Acc: 0.820912, Eval Loss: 0.511113, Eval Acc: 0.832476, PSNR: 10.604030
epoch: 207, Train Loss: 0.530068, Train Acc: 0.820496, Eval Loss: 0.512919, Eval Acc: 0.827532, PSNR: 10.345404
epoch: 208, Train Loss: 0.528634, Train Acc: 0.821329, Eval Loss: 0.509859, Eval Acc: 0.829509, PSNR: 11.138452
epoch: 209, Train Loss: 0.529634, Train Acc: 0.821595, Eval Loss: 0.509905, Eval Acc: 0.830894, PSNR: 9.466452
epoch: 210, Train Loss: 0.528477, Train Acc: 0.821962, Eval Loss: 0.509387, Eval Acc: 0.827828, PSNR: 9.354639
epoch: 211, Train Loss: 0.528434, Train Acc: 0.821312, Eval Loss: 0.511736, Eval Acc: 0.829015, PSNR: 9.742813
epoch: 212, Train Loss: 0.528319, Train Acc: 0.822311, Eval Loss: 0.510265, Eval Acc: 0.831487, PSNR: 10.429542
epoch: 213, Train Loss: 0.527450, Train Acc: 0.822295, Eval Loss: 0.509933, Eval Acc: 0.830004, PSNR: 10.560158
epoch: 214, Train Loss: 0.527936, Train Acc: 0.822311, Eval Loss: 0.507901, Eval Acc: 0.829312, PSNR: 9.385739
epoch: 215, Train Loss: 0.526403, Train Acc: 0.822828, Eval Loss: 0.507863, Eval Acc: 0.832674, PSNR: 9.892021
epoch: 216, Train Loss: 0.527308, Train Acc: 0.821195, Eval Loss: 0.510005, Eval Acc: 0.830696, PSNR: 10.794875
epoch: 217, Train Loss: 0.526475, Train Acc: 0.821145, Eval Loss: 0.509897, Eval Acc: 0.828817, PSNR: 9.959440
epoch: 218, Train Loss: 0.526507, Train Acc: 0.821628, Eval Loss: 0.508912, Eval Acc: 0.830498, PSNR: 10.558840
epoch: 219, Train Loss: 0.524957, Train Acc: 0.824177, Eval Loss: 0.508462, Eval Acc: 0.828422, PSNR: 10.984432
epoch: 220, Train Loss: 0.526153, Train Acc: 0.823028, Eval Loss: 0.509463, Eval Acc: 0.829707, PSNR: 9.954480
epoch: 221, Train Loss: 0.525707, Train Acc: 0.822511, Eval Loss: 0.508132, Eval Acc: 0.829905, PSNR: 11.698226
epoch: 222, Train Loss: 0.524949, Train Acc: 0.823078, Eval Loss: 0.507748, Eval Acc: 0.829015, PSNR: 9.798251
epoch: 223, Train Loss: 0.524718, Train Acc: 0.822311, Eval Loss: 0.504796, Eval Acc: 0.831883, PSNR: 11.183934
epoch: 224, Train Loss: 0.524548, Train Acc: 0.822828, Eval Loss: 0.507603, Eval Acc: 0.828916, PSNR: 11.462145
epoch: 225, Train Loss: 0.524661, Train Acc: 0.822961, Eval Loss: 0.505735, Eval Acc: 0.828916, PSNR: 9.447414
epoch: 226, Train Loss: 0.523522, Train Acc: 0.823677, Eval Loss: 0.506606, Eval Acc: 0.827631, PSNR: 9.739588
epoch: 227, Train Loss: 0.522662, Train Acc: 0.822994, Eval Loss: 0.507170, Eval Acc: 0.829707, PSNR: 9.722008
epoch: 228, Train Loss: 0.523092, Train Acc: 0.824044, Eval Loss: 0.505586, Eval Acc: 0.829509, PSNR: 10.522400
epoch: 229, Train Loss: 0.523582, Train Acc: 0.823394, Eval Loss: 0.506171, Eval Acc: 0.829411, PSNR: 9.828881
epoch: 230, Train Loss: 0.522319, Train Acc: 0.824160, Eval Loss: 0.505183, Eval Acc: 0.833465, PSNR: 11.740781
epoch: 231, Train Loss: 0.522409, Train Acc: 0.824327, Eval Loss: 0.504196, Eval Acc: 0.832575, PSNR: 10.687814
epoch: 232, Train Loss: 0.522321, Train Acc: 0.824077, Eval Loss: 0.504973, Eval Acc: 0.830597, PSNR: 10.172359
epoch: 233, Train Loss: 0.522378, Train Acc: 0.822911, Eval Loss: 0.505350, Eval Acc: 0.828323, PSNR: 9.255399
epoch: 234, Train Loss: 0.521211, Train Acc: 0.823144, Eval Loss: 0.505738, Eval Acc: 0.830301, PSNR: 9.785945
epoch: 235, Train Loss: 0.521976, Train Acc: 0.823511, Eval Loss: 0.504283, Eval Acc: 0.831092, PSNR: 9.545077
epoch: 236, Train Loss: 0.521657, Train Acc: 0.823444, Eval Loss: 0.503103, Eval Acc: 0.829707, PSNR: 10.296213
epoch: 237, Train Loss: 0.521147, Train Acc: 0.824644, Eval Loss: 0.501214, Eval Acc: 0.832278, PSNR: 9.606077
epoch: 238, Train Loss: 0.520770, Train Acc: 0.823278, Eval Loss: 0.503266, Eval Acc: 0.830696, PSNR: 11.259895
epoch: 239, Train Loss: 0.520728, Train Acc: 0.824177, Eval Loss: 0.500578, Eval Acc: 0.833465, PSNR: 11.908533
epoch: 240, Train Loss: 0.519393, Train Acc: 0.824444, Eval Loss: 0.500583, Eval Acc: 0.831290, PSNR: 9.898353
epoch: 241, Train Loss: 0.519228, Train Acc: 0.824277, Eval Loss: 0.503321, Eval Acc: 0.831487, PSNR: 10.348352
epoch: 242, Train Loss: 0.518193, Train Acc: 0.824277, Eval Loss: 0.501593, Eval Acc: 0.830004, PSNR: 11.381461
epoch: 243, Train Loss: 0.519337, Train Acc: 0.824410, Eval Loss: 0.501177, Eval Acc: 0.832773, PSNR: 10.106372
epoch: 244, Train Loss: 0.518450, Train Acc: 0.825343, Eval Loss: 0.501708, Eval Acc: 0.829114, PSNR: 10.477981
epoch: 245, Train Loss: 0.518053, Train Acc: 0.825326, Eval Loss: 0.502006, Eval Acc: 0.831982, PSNR: 10.495175
epoch: 246, Train Loss: 0.517971, Train Acc: 0.824877, Eval Loss: 0.498355, Eval Acc: 0.831685, PSNR: 10.549247
epoch: 247, Train Loss: 0.517638, Train Acc: 0.824160, Eval Loss: 0.503319, Eval Acc: 0.829905, PSNR: 10.859522
epoch: 248, Train Loss: 0.517048, Train Acc: 0.825227, Eval Loss: 0.500544, Eval Acc: 0.830696, PSNR: 11.337641
epoch: 249, Train Loss: 0.517687, Train Acc: 0.824760, Eval Loss: 0.496624, Eval Acc: 0.832081, PSNR: 10.562109
epoch: 250, Train Loss: 0.516482, Train Acc: 0.825843, Eval Loss: 0.499400, Eval Acc: 0.833070, PSNR: 9.652472
epoch: 251, Train Loss: 0.517013, Train Acc: 0.824743, Eval Loss: 0.501543, Eval Acc: 0.831487, PSNR: 10.640163
epoch: 252, Train Loss: 0.516688, Train Acc: 0.824777, Eval Loss: 0.498148, Eval Acc: 0.831290, PSNR: 11.121300
epoch: 253, Train Loss: 0.516977, Train Acc: 0.826842, Eval Loss: 0.495161, Eval Acc: 0.833366, PSNR: 10.851595
epoch: 254, Train Loss: 0.514966, Train Acc: 0.825793, Eval Loss: 0.497437, Eval Acc: 0.833267, PSNR: 10.403190
epoch: 255, Train Loss: 0.516064, Train Acc: 0.825710, Eval Loss: 0.497315, Eval Acc: 0.831685, PSNR: 11.146940
epoch: 256, Train Loss: 0.514633, Train Acc: 0.826293, Eval Loss: 0.497514, Eval Acc: 0.833564, PSNR: 11.431038
epoch: 257, Train Loss: 0.514700, Train Acc: 0.825993, Eval Loss: 0.499027, Eval Acc: 0.830894, PSNR: 10.145323
epoch: 258, Train Loss: 0.514863, Train Acc: 0.825493, Eval Loss: 0.496422, Eval Acc: 0.832773, PSNR: 11.432847
epoch: 259, Train Loss: 0.513422, Train Acc: 0.825710, Eval Loss: 0.496547, Eval Acc: 0.832476, PSNR: 11.295994
epoch: 260, Train Loss: 0.515268, Train Acc: 0.826393, Eval Loss: 0.493831, Eval Acc: 0.833960, PSNR: 8.824327
epoch: 261, Train Loss: 0.514174, Train Acc: 0.825893, Eval Loss: 0.496329, Eval Acc: 0.834256, PSNR: 10.794861
epoch: 262, Train Loss: 0.514043, Train Acc: 0.826226, Eval Loss: 0.498887, Eval Acc: 0.831290, PSNR: 10.449530
epoch: 263, Train Loss: 0.514636, Train Acc: 0.826443, Eval Loss: 0.496275, Eval Acc: 0.833564, PSNR: 11.001035
epoch: 264, Train Loss: 0.513720, Train Acc: 0.825843, Eval Loss: 0.497956, Eval Acc: 0.830795, PSNR: 10.621827
epoch: 265, Train Loss: 0.513289, Train Acc: 0.826459, Eval Loss: 0.496422, Eval Acc: 0.833169, PSNR: 10.816113
epoch: 266, Train Loss: 0.512333, Train Acc: 0.825959, Eval Loss: 0.496250, Eval Acc: 0.831586, PSNR: 11.567882
epoch: 267, Train Loss: 0.512098, Train Acc: 0.827225, Eval Loss: 0.496437, Eval Acc: 0.831982, PSNR: 10.965002
epoch: 268, Train Loss: 0.513731, Train Acc: 0.825526, Eval Loss: 0.495040, Eval Acc: 0.834850, PSNR: 10.739374
epoch: 269, Train Loss: 0.512675, Train Acc: 0.827176, Eval Loss: 0.495209, Eval Acc: 0.837025, PSNR: 10.545249
epoch: 270, Train Loss: 0.512674, Train Acc: 0.825626, Eval Loss: 0.492390, Eval Acc: 0.835047, PSNR: 10.477026
epoch: 271, Train Loss: 0.512269, Train Acc: 0.827342, Eval Loss: 0.494227, Eval Acc: 0.833070, PSNR: 11.091098
epoch: 272, Train Loss: 0.511251, Train Acc: 0.826426, Eval Loss: 0.492249, Eval Acc: 0.834652, PSNR: 9.707271
epoch: 273, Train Loss: 0.510633, Train Acc: 0.827309, Eval Loss: 0.494589, Eval Acc: 0.833564, PSNR: 10.734956
epoch: 274, Train Loss: 0.511684, Train Acc: 0.827825, Eval Loss: 0.493422, Eval Acc: 0.835443, PSNR: 12.096188
epoch: 275, Train Loss: 0.512169, Train Acc: 0.826676, Eval Loss: 0.496295, Eval Acc: 0.831784, PSNR: 10.763611
epoch: 276, Train Loss: 0.510395, Train Acc: 0.826526, Eval Loss: 0.495848, Eval Acc: 0.830498, PSNR: 10.470332
epoch: 277, Train Loss: 0.510813, Train Acc: 0.827192, Eval Loss: 0.492401, Eval Acc: 0.831487, PSNR: 11.190354
epoch: 278, Train Loss: 0.510455, Train Acc: 0.827475, Eval Loss: 0.497228, Eval Acc: 0.833762, PSNR: 10.208981
epoch: 279, Train Loss: 0.510536, Train Acc: 0.826692, Eval Loss: 0.493751, Eval Acc: 0.833366, PSNR: 11.458524
epoch: 280, Train Loss: 0.509998, Train Acc: 0.827225, Eval Loss: 0.491418, Eval Acc: 0.834059, PSNR: 10.525941
epoch: 281, Train Loss: 0.510090, Train Acc: 0.827625, Eval Loss: 0.492561, Eval Acc: 0.834059, PSNR: 9.851832
epoch: 282, Train Loss: 0.508892, Train Acc: 0.826992, Eval Loss: 0.491442, Eval Acc: 0.831982, PSNR: 11.053471
epoch: 283, Train Loss: 0.508978, Train Acc: 0.827908, Eval Loss: 0.493542, Eval Acc: 0.834454, PSNR: 11.814477
epoch: 284, Train Loss: 0.508739, Train Acc: 0.828658, Eval Loss: 0.492610, Eval Acc: 0.833169, PSNR: 12.050839
epoch: 285, Train Loss: 0.509245, Train Acc: 0.826742, Eval Loss: 0.491497, Eval Acc: 0.836926, PSNR: 10.876230
epoch: 286, Train Loss: 0.509498, Train Acc: 0.827292, Eval Loss: 0.495610, Eval Acc: 0.831487, PSNR: 11.772333
epoch: 287, Train Loss: 0.509308, Train Acc: 0.826859, Eval Loss: 0.487516, Eval Acc: 0.835146, PSNR: 11.955933
epoch: 288, Train Loss: 0.508207, Train Acc: 0.827459, Eval Loss: 0.490630, Eval Acc: 0.833366, PSNR: 10.457295
epoch: 289, Train Loss: 0.507983, Train Acc: 0.828025, Eval Loss: 0.491268, Eval Acc: 0.835740, PSNR: 10.129572
epoch: 290, Train Loss: 0.507260, Train Acc: 0.828158, Eval Loss: 0.489834, Eval Acc: 0.836432, PSNR: 10.801136
epoch: 291, Train Loss: 0.508005, Train Acc: 0.827542, Eval Loss: 0.489193, Eval Acc: 0.835245, PSNR: 10.550208
epoch: 292, Train Loss: 0.507891, Train Acc: 0.827992, Eval Loss: 0.491165, Eval Acc: 0.834949, PSNR: 11.389432
epoch: 293, Train Loss: 0.507693, Train Acc: 0.827509, Eval Loss: 0.491441, Eval Acc: 0.835839, PSNR: 10.603753
epoch: 294, Train Loss: 0.508351, Train Acc: 0.827908, Eval Loss: 0.489020, Eval Acc: 0.836432, PSNR: 11.779385
epoch: 295, Train Loss: 0.507104, Train Acc: 0.827842, Eval Loss: 0.488818, Eval Acc: 0.836432, PSNR: 10.407051
epoch: 296, Train Loss: 0.507181, Train Acc: 0.827542, Eval Loss: 0.488328, Eval Acc: 0.837718, PSNR: 10.306095
epoch: 297, Train Loss: 0.506911, Train Acc: 0.829091, Eval Loss: 0.489637, Eval Acc: 0.833960, PSNR: 10.676390
epoch: 298, Train Loss: 0.506499, Train Acc: 0.828591, Eval Loss: 0.487596, Eval Acc: 0.837816, PSNR: 11.745486
epoch: 299, Train Loss: 0.506993, Train Acc: 0.827142, Eval Loss: 0.487461, Eval Acc: 0.833663, PSNR: 11.308024
epoch: 300, Train Loss: 0.504977, Train Acc: 0.829874, Eval Loss: 0.489001, Eval Acc: 0.836234, PSNR: 10.525025
epoch: 301, Train Loss: 0.506209, Train Acc: 0.828025, Eval Loss: 0.488627, Eval Acc: 0.837718, PSNR: 10.805611
epoch: 302, Train Loss: 0.505953, Train Acc: 0.827958, Eval Loss: 0.488552, Eval Acc: 0.834850, PSNR: 10.233721
epoch: 303, Train Loss: 0.506227, Train Acc: 0.828925, Eval Loss: 0.489784, Eval Acc: 0.834157, PSNR: 10.799015
epoch: 304, Train Loss: 0.504415, Train Acc: 0.828808, Eval Loss: 0.484657, Eval Acc: 0.838904, PSNR: 12.055779
epoch: 305, Train Loss: 0.505379, Train Acc: 0.829474, Eval Loss: 0.491307, Eval Acc: 0.834059, PSNR: 10.771001
epoch: 306, Train Loss: 0.504439, Train Acc: 0.829274, Eval Loss: 0.487068, Eval Acc: 0.837421, PSNR: 11.586776
epoch: 307, Train Loss: 0.504139, Train Acc: 0.828292, Eval Loss: 0.488163, Eval Acc: 0.837816, PSNR: 11.374446
epoch: 308, Train Loss: 0.503976, Train Acc: 0.829741, Eval Loss: 0.484092, Eval Acc: 0.835740, PSNR: 11.351956
epoch: 309, Train Loss: 0.503972, Train Acc: 0.828858, Eval Loss: 0.487651, Eval Acc: 0.836828, PSNR: 11.380560
epoch: 310, Train Loss: 0.503733, Train Acc: 0.829974, Eval Loss: 0.487548, Eval Acc: 0.836828, PSNR: 10.258400
epoch: 311, Train Loss: 0.504000, Train Acc: 0.828991, Eval Loss: 0.487953, Eval Acc: 0.836036, PSNR: 10.915778
epoch: 312, Train Loss: 0.503840, Train Acc: 0.828475, Eval Loss: 0.485894, Eval Acc: 0.835938, PSNR: 11.312112
epoch: 313, Train Loss: 0.503114, Train Acc: 0.829241, Eval Loss: 0.485119, Eval Acc: 0.837915, PSNR: 10.703308
epoch: 314, Train Loss: 0.503374, Train Acc: 0.829141, Eval Loss: 0.487292, Eval Acc: 0.835740, PSNR: 10.957614
epoch: 315, Train Loss: 0.502493, Train Acc: 0.829258, Eval Loss: 0.486151, Eval Acc: 0.837421, PSNR: 10.177527
epoch: 316, Train Loss: 0.501743, Train Acc: 0.830057, Eval Loss: 0.485966, Eval Acc: 0.838212, PSNR: 10.342277
epoch: 317, Train Loss: 0.503304, Train Acc: 0.829741, Eval Loss: 0.486084, Eval Acc: 0.837915, PSNR: 11.262726
epoch: 318, Train Loss: 0.502985, Train Acc: 0.829924, Eval Loss: 0.484637, Eval Acc: 0.837223, PSNR: 9.826394
epoch: 319, Train Loss: 0.502443, Train Acc: 0.829174, Eval Loss: 0.483398, Eval Acc: 0.839003, PSNR: 10.400093
epoch: 320, Train Loss: 0.501171, Train Acc: 0.830074, Eval Loss: 0.483485, Eval Acc: 0.839003, PSNR: 10.910309
epoch: 321, Train Loss: 0.502177, Train Acc: 0.830041, Eval Loss: 0.485679, Eval Acc: 0.834652, PSNR: 11.244602
epoch: 322, Train Loss: 0.501681, Train Acc: 0.830907, Eval Loss: 0.483831, Eval Acc: 0.839893, PSNR: 12.300806
epoch: 323, Train Loss: 0.501594, Train Acc: 0.831207, Eval Loss: 0.486394, Eval Acc: 0.836234, PSNR: 11.544095
epoch: 324, Train Loss: 0.501498, Train Acc: 0.830924, Eval Loss: 0.485248, Eval Acc: 0.840783, PSNR: 10.135994
epoch: 325, Train Loss: 0.501059, Train Acc: 0.830141, Eval Loss: 0.484127, Eval Acc: 0.836135, PSNR: 11.132505
epoch: 326, Train Loss: 0.501590, Train Acc: 0.828825, Eval Loss: 0.482989, Eval Acc: 0.836729, PSNR: 11.556538
epoch: 327, Train Loss: 0.501238, Train Acc: 0.828558, Eval Loss: 0.480575, Eval Acc: 0.840783, PSNR: 11.326984
epoch: 328, Train Loss: 0.500843, Train Acc: 0.829924, Eval Loss: 0.482982, Eval Acc: 0.840190, PSNR: 12.151577
epoch: 329, Train Loss: 0.500821, Train Acc: 0.829058, Eval Loss: 0.482208, Eval Acc: 0.837619, PSNR: 11.368019
epoch: 330, Train Loss: 0.500965, Train Acc: 0.829408, Eval Loss: 0.482955, Eval Acc: 0.839893, PSNR: 11.055732
epoch: 331, Train Loss: 0.500118, Train Acc: 0.830524, Eval Loss: 0.482760, Eval Acc: 0.837322, PSNR: 11.087920
epoch: 332, Train Loss: 0.499466, Train Acc: 0.830824, Eval Loss: 0.482161, Eval Acc: 0.837421, PSNR: 10.331598
epoch: 333, Train Loss: 0.500445, Train Acc: 0.829891, Eval Loss: 0.483270, Eval Acc: 0.838113, PSNR: 11.121104
epoch: 334, Train Loss: 0.499638, Train Acc: 0.830540, Eval Loss: 0.481385, Eval Acc: 0.838212, PSNR: 10.670608
epoch: 335, Train Loss: 0.498999, Train Acc: 0.830674, Eval Loss: 0.480943, Eval Acc: 0.840783, PSNR: 11.273653
epoch: 336, Train Loss: 0.499162, Train Acc: 0.830224, Eval Loss: 0.482585, Eval Acc: 0.837223, PSNR: 12.084469
epoch: 337, Train Loss: 0.499867, Train Acc: 0.829624, Eval Loss: 0.480235, Eval Acc: 0.840783, PSNR: 10.645266
epoch: 338, Train Loss: 0.499110, Train Acc: 0.830091, Eval Loss: 0.482051, Eval Acc: 0.837223, PSNR: 11.123093
epoch: 339, Train Loss: 0.498598, Train Acc: 0.830857, Eval Loss: 0.484942, Eval Acc: 0.835047, PSNR: 12.287696
epoch: 340, Train Loss: 0.497342, Train Acc: 0.831223, Eval Loss: 0.482109, Eval Acc: 0.840190, PSNR: 11.562084
epoch: 341, Train Loss: 0.497854, Train Acc: 0.831923, Eval Loss: 0.480553, Eval Acc: 0.839003, PSNR: 11.082781
epoch: 342, Train Loss: 0.498581, Train Acc: 0.831107, Eval Loss: 0.482341, Eval Acc: 0.836036, PSNR: 10.376198
epoch: 343, Train Loss: 0.498624, Train Acc: 0.830007, Eval Loss: 0.479615, Eval Acc: 0.841475, PSNR: 11.119364
epoch: 344, Train Loss: 0.497958, Train Acc: 0.829291, Eval Loss: 0.480621, Eval Acc: 0.838509, PSNR: 11.136281
epoch: 345, Train Loss: 0.497711, Train Acc: 0.831490, Eval Loss: 0.481516, Eval Acc: 0.836135, PSNR: 10.644536
epoch: 346, Train Loss: 0.498291, Train Acc: 0.831307, Eval Loss: 0.481451, Eval Acc: 0.836234, PSNR: 9.877507
epoch: 347, Train Loss: 0.497984, Train Acc: 0.830973, Eval Loss: 0.480639, Eval Acc: 0.839498, PSNR: 11.465270
epoch: 348, Train Loss: 0.497864, Train Acc: 0.830307, Eval Loss: 0.482396, Eval Acc: 0.840487, PSNR: 12.014427
epoch: 349, Train Loss: 0.497607, Train Acc: 0.831773, Eval Loss: 0.482519, Eval Acc: 0.840289, PSNR: 11.338256
epoch: 350, Train Loss: 0.497364, Train Acc: 0.830524, Eval Loss: 0.479699, Eval Acc: 0.839597, PSNR: 11.179122
epoch: 351, Train Loss: 0.496866, Train Acc: 0.831507, Eval Loss: 0.482643, Eval Acc: 0.837619, PSNR: 11.613927
epoch: 352, Train Loss: 0.496553, Train Acc: 0.831073, Eval Loss: 0.480142, Eval Acc: 0.838904, PSNR: 11.205378
epoch: 353, Train Loss: 0.497869, Train Acc: 0.831357, Eval Loss: 0.478962, Eval Acc: 0.840289, PSNR: 11.418946
epoch: 354, Train Loss: 0.495462, Train Acc: 0.831623, Eval Loss: 0.480753, Eval Acc: 0.838805, PSNR: 11.243108
epoch: 355, Train Loss: 0.496466, Train Acc: 0.831523, Eval Loss: 0.478402, Eval Acc: 0.839893, PSNR: 11.115317
epoch: 356, Train Loss: 0.495902, Train Acc: 0.830824, Eval Loss: 0.479383, Eval Acc: 0.839399, PSNR: 12.735769
epoch: 357, Train Loss: 0.495337, Train Acc: 0.831973, Eval Loss: 0.482027, Eval Acc: 0.838608, PSNR: 10.310595
epoch: 358, Train Loss: 0.494864, Train Acc: 0.832972, Eval Loss: 0.479630, Eval Acc: 0.838410, PSNR: 11.025759
epoch: 359, Train Loss: 0.495733, Train Acc: 0.830624, Eval Loss: 0.477194, Eval Acc: 0.839201, PSNR: 12.169751
epoch: 360, Train Loss: 0.495694, Train Acc: 0.831540, Eval Loss: 0.478158, Eval Acc: 0.839498, PSNR: 9.986843
epoch: 361, Train Loss: 0.495178, Train Acc: 0.830907, Eval Loss: 0.478476, Eval Acc: 0.843552, PSNR: 11.006842
epoch: 362, Train Loss: 0.494872, Train Acc: 0.832856, Eval Loss: 0.479098, Eval Acc: 0.838608, PSNR: 9.827160
epoch: 363, Train Loss: 0.495457, Train Acc: 0.831557, Eval Loss: 0.474890, Eval Acc: 0.841278, PSNR: 11.635508
epoch: 364, Train Loss: 0.495646, Train Acc: 0.831890, Eval Loss: 0.477230, Eval Acc: 0.840487, PSNR: 10.570256
epoch: 365, Train Loss: 0.494153, Train Acc: 0.832073, Eval Loss: 0.478564, Eval Acc: 0.840981, PSNR: 11.070173
epoch: 366, Train Loss: 0.494962, Train Acc: 0.831973, Eval Loss: 0.479402, Eval Acc: 0.841278, PSNR: 11.370631
epoch: 367, Train Loss: 0.494001, Train Acc: 0.830973, Eval Loss: 0.476939, Eval Acc: 0.841080, PSNR: 11.811627
epoch: 368, Train Loss: 0.493709, Train Acc: 0.832656, Eval Loss: 0.477414, Eval Acc: 0.839102, PSNR: 11.338909
epoch: 369, Train Loss: 0.493042, Train Acc: 0.832906, Eval Loss: 0.479181, Eval Acc: 0.839794, PSNR: 11.313168
epoch: 370, Train Loss: 0.493884, Train Acc: 0.833156, Eval Loss: 0.476703, Eval Acc: 0.843058, PSNR: 11.036717
epoch: 371, Train Loss: 0.494473, Train Acc: 0.831606, Eval Loss: 0.476805, Eval Acc: 0.839794, PSNR: 10.541231
epoch: 372, Train Loss: 0.493687, Train Acc: 0.832289, Eval Loss: 0.476185, Eval Acc: 0.841179, PSNR: 10.892810
epoch: 373, Train Loss: 0.493958, Train Acc: 0.831290, Eval Loss: 0.477556, Eval Acc: 0.838212, PSNR: 11.827525
epoch: 374, Train Loss: 0.493351, Train Acc: 0.832556, Eval Loss: 0.477509, Eval Acc: 0.841772, PSNR: 10.820313
epoch: 375, Train Loss: 0.493315, Train Acc: 0.831973, Eval Loss: 0.477359, Eval Acc: 0.841377, PSNR: 10.714760
epoch: 376, Train Loss: 0.493048, Train Acc: 0.832090, Eval Loss: 0.476602, Eval Acc: 0.838904, PSNR: 11.485469
epoch: 377, Train Loss: 0.493513, Train Acc: 0.831373, Eval Loss: 0.476186, Eval Acc: 0.840487, PSNR: 11.563220
epoch: 378, Train Loss: 0.492091, Train Acc: 0.834005, Eval Loss: 0.476485, Eval Acc: 0.839300, PSNR: 11.604026
epoch: 379, Train Loss: 0.492573, Train Acc: 0.832306, Eval Loss: 0.476954, Eval Acc: 0.839992, PSNR: 13.205561
epoch: 380, Train Loss: 0.492920, Train Acc: 0.832856, Eval Loss: 0.477250, Eval Acc: 0.840091, PSNR: 10.757373
epoch: 381, Train Loss: 0.493895, Train Acc: 0.831323, Eval Loss: 0.474749, Eval Acc: 0.840684, PSNR: 11.365476
epoch: 382, Train Loss: 0.492510, Train Acc: 0.832573, Eval Loss: 0.475896, Eval Acc: 0.841475, PSNR: 11.797040
epoch: 383, Train Loss: 0.491748, Train Acc: 0.832256, Eval Loss: 0.474328, Eval Acc: 0.840091, PSNR: 10.648104
epoch: 384, Train Loss: 0.490946, Train Acc: 0.832706, Eval Loss: 0.475838, Eval Acc: 0.840981, PSNR: 10.807786
epoch: 385, Train Loss: 0.492757, Train Acc: 0.833256, Eval Loss: 0.473020, Eval Acc: 0.841970, PSNR: 12.727152
epoch: 386, Train Loss: 0.492735, Train Acc: 0.831973, Eval Loss: 0.472121, Eval Acc: 0.842959, PSNR: 10.628345
epoch: 387, Train Loss: 0.491891, Train Acc: 0.832423, Eval Loss: 0.474907, Eval Acc: 0.842959, PSNR: 12.491103
epoch: 388, Train Loss: 0.491873, Train Acc: 0.832872, Eval Loss: 0.474491, Eval Acc: 0.840684, PSNR: 11.255402
epoch: 389, Train Loss: 0.491428, Train Acc: 0.833422, Eval Loss: 0.474180, Eval Acc: 0.841278, PSNR: 11.974673
epoch: 390, Train Loss: 0.491523, Train Acc: 0.832423, Eval Loss: 0.473348, Eval Acc: 0.839102, PSNR: 12.190473
epoch: 391, Train Loss: 0.490917, Train Acc: 0.833089, Eval Loss: 0.474139, Eval Acc: 0.841574, PSNR: 13.173497
epoch: 392, Train Loss: 0.491114, Train Acc: 0.832756, Eval Loss: 0.474522, Eval Acc: 0.843058, PSNR: 10.176564
epoch: 393, Train Loss: 0.491299, Train Acc: 0.833339, Eval Loss: 0.474110, Eval Acc: 0.839597, PSNR: 11.085710
epoch: 394, Train Loss: 0.490478, Train Acc: 0.832006, Eval Loss: 0.471700, Eval Acc: 0.840289, PSNR: 11.522674
epoch: 395, Train Loss: 0.490817, Train Acc: 0.833922, Eval Loss: 0.472456, Eval Acc: 0.842662, PSNR: 11.832378
epoch: 396, Train Loss: 0.489630, Train Acc: 0.833822, Eval Loss: 0.472152, Eval Acc: 0.844838, PSNR: 11.292909
epoch: 397, Train Loss: 0.491097, Train Acc: 0.832090, Eval Loss: 0.473881, Eval Acc: 0.841179, PSNR: 12.166777
epoch: 398, Train Loss: 0.491230, Train Acc: 0.833672, Eval Loss: 0.471269, Eval Acc: 0.840882, PSNR: 10.717024
epoch: 399, Train Loss: 0.489959, Train Acc: 0.834255, Eval Loss: 0.473817, Eval Acc: 0.841179, PSNR: 12.473657
epoch: 400, Train Loss: 0.489055, Train Acc: 0.833872, Eval Loss: 0.472701, Eval Acc: 0.843651, PSNR: 11.328837
epoch: 401, Train Loss: 0.489858, Train Acc: 0.833322, Eval Loss: 0.472145, Eval Acc: 0.841475, PSNR: 10.148048
epoch: 402, Train Loss: 0.491161, Train Acc: 0.832189, Eval Loss: 0.473260, Eval Acc: 0.842761, PSNR: 10.038295
epoch: 403, Train Loss: 0.490952, Train Acc: 0.833322, Eval Loss: 0.469770, Eval Acc: 0.844047, PSNR: 10.924166
epoch: 404, Train Loss: 0.488580, Train Acc: 0.833722, Eval Loss: 0.474327, Eval Acc: 0.840289, PSNR: 11.479426
epoch: 405, Train Loss: 0.489606, Train Acc: 0.833356, Eval Loss: 0.470813, Eval Acc: 0.841772, PSNR: 11.954397
epoch: 406, Train Loss: 0.490292, Train Acc: 0.832989, Eval Loss: 0.474130, Eval Acc: 0.837322, PSNR: 10.963431
epoch: 407, Train Loss: 0.488283, Train Acc: 0.834472, Eval Loss: 0.472272, Eval Acc: 0.839300, PSNR: 11.795894
epoch: 408, Train Loss: 0.488183, Train Acc: 0.834088, Eval Loss: 0.470380, Eval Acc: 0.842464, PSNR: 11.446629
epoch: 409, Train Loss: 0.488631, Train Acc: 0.834322, Eval Loss: 0.470920, Eval Acc: 0.843750, PSNR: 11.043546
epoch: 410, Train Loss: 0.487944, Train Acc: 0.833689, Eval Loss: 0.470645, Eval Acc: 0.841673, PSNR: 11.513040
epoch: 411, Train Loss: 0.488513, Train Acc: 0.833789, Eval Loss: 0.470817, Eval Acc: 0.841673, PSNR: 10.697539
epoch: 412, Train Loss: 0.489164, Train Acc: 0.833172, Eval Loss: 0.467612, Eval Acc: 0.845036, PSNR: 12.813477
epoch: 413, Train Loss: 0.489549, Train Acc: 0.834272, Eval Loss: 0.469343, Eval Acc: 0.843750, PSNR: 12.137738
epoch: 414, Train Loss: 0.488362, Train Acc: 0.833489, Eval Loss: 0.470796, Eval Acc: 0.844244, PSNR: 12.051882
epoch: 415, Train Loss: 0.488660, Train Acc: 0.832906, Eval Loss: 0.469782, Eval Acc: 0.843849, PSNR: 10.121685
epoch: 416, Train Loss: 0.486810, Train Acc: 0.834305, Eval Loss: 0.469464, Eval Acc: 0.839893, PSNR: 10.845285
epoch: 417, Train Loss: 0.487320, Train Acc: 0.834605, Eval Loss: 0.472685, Eval Acc: 0.842860, PSNR: 13.463479
epoch: 418, Train Loss: 0.487397, Train Acc: 0.834155, Eval Loss: 0.469780, Eval Acc: 0.841377, PSNR: 11.262266
epoch: 419, Train Loss: 0.487112, Train Acc: 0.834222, Eval Loss: 0.468626, Eval Acc: 0.841475, PSNR: 11.212083
epoch: 420, Train Loss: 0.486741, Train Acc: 0.833755, Eval Loss: 0.471079, Eval Acc: 0.842959, PSNR: 11.279574
epoch: 421, Train Loss: 0.487922, Train Acc: 0.833422, Eval Loss: 0.471110, Eval Acc: 0.843256, PSNR: 10.752398
epoch: 422, Train Loss: 0.487447, Train Acc: 0.834538, Eval Loss: 0.469341, Eval Acc: 0.841772, PSNR: 11.446351
epoch: 423, Train Loss: 0.486367, Train Acc: 0.833922, Eval Loss: 0.471291, Eval Acc: 0.840882, PSNR: 11.355042
epoch: 424, Train Loss: 0.487421, Train Acc: 0.834905, Eval Loss: 0.468013, Eval Acc: 0.843058, PSNR: 10.651643
epoch: 425, Train Loss: 0.486821, Train Acc: 0.833905, Eval Loss: 0.469062, Eval Acc: 0.842366, PSNR: 13.043176
epoch: 426, Train Loss: 0.486114, Train Acc: 0.833939, Eval Loss: 0.467090, Eval Acc: 0.843750, PSNR: 11.134928
epoch: 427, Train Loss: 0.486675, Train Acc: 0.834638, Eval Loss: 0.468560, Eval Acc: 0.844640, PSNR: 11.302732
epoch: 428, Train Loss: 0.485364, Train Acc: 0.835488, Eval Loss: 0.468260, Eval Acc: 0.844838, PSNR: 10.818074
epoch: 429, Train Loss: 0.487117, Train Acc: 0.834488, Eval Loss: 0.467243, Eval Acc: 0.843849, PSNR: 11.173515
epoch: 430, Train Loss: 0.487186, Train Acc: 0.834005, Eval Loss: 0.468485, Eval Acc: 0.840091, PSNR: 10.189293
epoch: 431, Train Loss: 0.486161, Train Acc: 0.835038, Eval Loss: 0.469860, Eval Acc: 0.844541, PSNR: 11.051890
epoch: 432, Train Loss: 0.486218, Train Acc: 0.834188, Eval Loss: 0.469667, Eval Acc: 0.843157, PSNR: 11.660919
epoch: 433, Train Loss: 0.485463, Train Acc: 0.835288, Eval Loss: 0.470115, Eval Acc: 0.841574, PSNR: 10.215226
epoch: 434, Train Loss: 0.486618, Train Acc: 0.834688, Eval Loss: 0.467866, Eval Acc: 0.843750, PSNR: 10.422933
epoch: 435, Train Loss: 0.485676, Train Acc: 0.834888, Eval Loss: 0.469963, Eval Acc: 0.842761, PSNR: 12.888691
epoch: 436, Train Loss: 0.485658, Train Acc: 0.836121, Eval Loss: 0.467912, Eval Acc: 0.843256, PSNR: 11.154555
epoch: 437, Train Loss: 0.485249, Train Acc: 0.835255, Eval Loss: 0.468300, Eval Acc: 0.844343, PSNR: 10.802899
epoch: 438, Train Loss: 0.484793, Train Acc: 0.834805, Eval Loss: 0.467567, Eval Acc: 0.845530, PSNR: 12.608966
epoch: 439, Train Loss: 0.484051, Train Acc: 0.836254, Eval Loss: 0.466449, Eval Acc: 0.842563, PSNR: 11.997791
epoch: 440, Train Loss: 0.485109, Train Acc: 0.835554, Eval Loss: 0.468634, Eval Acc: 0.840684, PSNR: 11.590919
epoch: 441, Train Loss: 0.484580, Train Acc: 0.834039, Eval Loss: 0.468818, Eval Acc: 0.841970, PSNR: 12.531278
epoch: 442, Train Loss: 0.484262, Train Acc: 0.835155, Eval Loss: 0.465961, Eval Acc: 0.843157, PSNR: 12.616718
epoch: 443, Train Loss: 0.484767, Train Acc: 0.834638, Eval Loss: 0.468891, Eval Acc: 0.843849, PSNR: 11.788914
epoch: 444, Train Loss: 0.484848, Train Acc: 0.835488, Eval Loss: 0.466041, Eval Acc: 0.843651, PSNR: 11.658207
epoch: 445, Train Loss: 0.484346, Train Acc: 0.835588, Eval Loss: 0.464750, Eval Acc: 0.845926, PSNR: 12.071071
epoch: 446, Train Loss: 0.484588, Train Acc: 0.835521, Eval Loss: 0.467083, Eval Acc: 0.846519, PSNR: 11.461531
epoch: 447, Train Loss: 0.484223, Train Acc: 0.834888, Eval Loss: 0.467712, Eval Acc: 0.842464, PSNR: 11.275407
epoch: 448, Train Loss: 0.484796, Train Acc: 0.833889, Eval Loss: 0.465221, Eval Acc: 0.844640, PSNR: 11.664687
epoch: 449, Train Loss: 0.484911, Train Acc: 0.835621, Eval Loss: 0.465426, Eval Acc: 0.843453, PSNR: 11.510252
epoch: 450, Train Loss: 0.483575, Train Acc: 0.834871, Eval Loss: 0.464656, Eval Acc: 0.845629, PSNR: 11.428695
epoch: 451, Train Loss: 0.483767, Train Acc: 0.835987, Eval Loss: 0.464321, Eval Acc: 0.844047, PSNR: 12.178837
epoch: 452, Train Loss: 0.483531, Train Acc: 0.835155, Eval Loss: 0.465058, Eval Acc: 0.847903, PSNR: 11.152242
epoch: 453, Train Loss: 0.484382, Train Acc: 0.834188, Eval Loss: 0.467226, Eval Acc: 0.843651, PSNR: 11.691437
epoch: 454, Train Loss: 0.483956, Train Acc: 0.836570, Eval Loss: 0.469399, Eval Acc: 0.841179, PSNR: 11.728092
epoch: 455, Train Loss: 0.484107, Train Acc: 0.833389, Eval Loss: 0.468217, Eval Acc: 0.841574, PSNR: 11.396615
epoch: 456, Train Loss: 0.483497, Train Acc: 0.835338, Eval Loss: 0.468322, Eval Acc: 0.841970, PSNR: 10.292048
epoch: 457, Train Loss: 0.482862, Train Acc: 0.835788, Eval Loss: 0.466221, Eval Acc: 0.840585, PSNR: 12.346196
epoch: 458, Train Loss: 0.483147, Train Acc: 0.835554, Eval Loss: 0.464193, Eval Acc: 0.843157, PSNR: 11.437922
epoch: 459, Train Loss: 0.483585, Train Acc: 0.835638, Eval Loss: 0.468060, Eval Acc: 0.843750, PSNR: 10.920354
epoch: 460, Train Loss: 0.482659, Train Acc: 0.835604, Eval Loss: 0.469858, Eval Acc: 0.840190, PSNR: 13.185269
epoch: 461, Train Loss: 0.483745, Train Acc: 0.834405, Eval Loss: 0.463962, Eval Acc: 0.845926, PSNR: 10.374482
epoch: 462, Train Loss: 0.482355, Train Acc: 0.836104, Eval Loss: 0.467426, Eval Acc: 0.841673, PSNR: 11.294932
epoch: 463, Train Loss: 0.482579, Train Acc: 0.835471, Eval Loss: 0.465909, Eval Acc: 0.841673, PSNR: 12.165334
epoch: 464, Train Loss: 0.482435, Train Acc: 0.835138, Eval Loss: 0.465234, Eval Acc: 0.842563, PSNR: 10.953756
epoch: 465, Train Loss: 0.482737, Train Acc: 0.835504, Eval Loss: 0.465277, Eval Acc: 0.845036, PSNR: 11.475539
epoch: 466, Train Loss: 0.481986, Train Acc: 0.834222, Eval Loss: 0.463392, Eval Acc: 0.845332, PSNR: 12.138469
epoch: 467, Train Loss: 0.482768, Train Acc: 0.836054, Eval Loss: 0.463798, Eval Acc: 0.843948, PSNR: 10.803003
epoch: 468, Train Loss: 0.481874, Train Acc: 0.837320, Eval Loss: 0.464382, Eval Acc: 0.844244, PSNR: 12.631816
epoch: 469, Train Loss: 0.482256, Train Acc: 0.834522, Eval Loss: 0.463507, Eval Acc: 0.843750, PSNR: 10.546044
epoch: 470, Train Loss: 0.482043, Train Acc: 0.835921, Eval Loss: 0.462955, Eval Acc: 0.846915, PSNR: 12.712601
epoch: 471, Train Loss: 0.482227, Train Acc: 0.835738, Eval Loss: 0.466918, Eval Acc: 0.845332, PSNR: 12.096258
epoch: 472, Train Loss: 0.481854, Train Acc: 0.835521, Eval Loss: 0.462209, Eval Acc: 0.846816, PSNR: 12.619791
epoch: 473, Train Loss: 0.481280, Train Acc: 0.836404, Eval Loss: 0.466233, Eval Acc: 0.841970, PSNR: 11.195639
epoch: 474, Train Loss: 0.481837, Train Acc: 0.835888, Eval Loss: 0.463215, Eval Acc: 0.844541, PSNR: 10.881471
epoch: 475, Train Loss: 0.482021, Train Acc: 0.837004, Eval Loss: 0.465024, Eval Acc: 0.845431, PSNR: 10.919419
epoch: 476, Train Loss: 0.481215, Train Acc: 0.836471, Eval Loss: 0.463268, Eval Acc: 0.846025, PSNR: 12.168175
epoch: 477, Train Loss: 0.481540, Train Acc: 0.835804, Eval Loss: 0.463306, Eval Acc: 0.843354, PSNR: 11.746073
epoch: 478, Train Loss: 0.480650, Train Acc: 0.837137, Eval Loss: 0.463974, Eval Acc: 0.843058, PSNR: 12.438566
epoch: 479, Train Loss: 0.481622, Train Acc: 0.835421, Eval Loss: 0.463917, Eval Acc: 0.845728, PSNR: 11.877365
epoch: 480, Train Loss: 0.481402, Train Acc: 0.835638, Eval Loss: 0.462908, Eval Acc: 0.846222, PSNR: 11.733709
epoch: 481, Train Loss: 0.480747, Train Acc: 0.836421, Eval Loss: 0.462570, Eval Acc: 0.843948, PSNR: 11.407715
epoch: 482, Train Loss: 0.481307, Train Acc: 0.836104, Eval Loss: 0.464720, Eval Acc: 0.843750, PSNR: 11.176225
epoch: 483, Train Loss: 0.481458, Train Acc: 0.836920, Eval Loss: 0.465025, Eval Acc: 0.844838, PSNR: 11.396571
epoch: 484, Train Loss: 0.479629, Train Acc: 0.837253, Eval Loss: 0.464437, Eval Acc: 0.841278, PSNR: 13.046922
epoch: 485, Train Loss: 0.479866, Train Acc: 0.835504, Eval Loss: 0.464609, Eval Acc: 0.848101, PSNR: 11.595041
epoch: 486, Train Loss: 0.479934, Train Acc: 0.835421, Eval Loss: 0.464004, Eval Acc: 0.842366, PSNR: 11.278069
epoch: 487, Train Loss: 0.480082, Train Acc: 0.836654, Eval Loss: 0.462404, Eval Acc: 0.844739, PSNR: 11.640815
epoch: 488, Train Loss: 0.480591, Train Acc: 0.836987, Eval Loss: 0.462926, Eval Acc: 0.846519, PSNR: 12.685744
epoch: 489, Train Loss: 0.480354, Train Acc: 0.836954, Eval Loss: 0.461143, Eval Acc: 0.844343, PSNR: 11.904515
epoch: 490, Train Loss: 0.480896, Train Acc: 0.837253, Eval Loss: 0.463589, Eval Acc: 0.842860, PSNR: 10.636200
epoch: 491, Train Loss: 0.479583, Train Acc: 0.836954, Eval Loss: 0.461641, Eval Acc: 0.845728, PSNR: 12.956445
epoch: 492, Train Loss: 0.479140, Train Acc: 0.837337, Eval Loss: 0.461111, Eval Acc: 0.846222, PSNR: 11.153252
epoch: 493, Train Loss: 0.479734, Train Acc: 0.836954, Eval Loss: 0.462956, Eval Acc: 0.842563, PSNR: 13.373188
epoch: 494, Train Loss: 0.480047, Train Acc: 0.836054, Eval Loss: 0.460700, Eval Acc: 0.844047, PSNR: 10.929458
epoch: 495, Train Loss: 0.480001, Train Acc: 0.836604, Eval Loss: 0.464855, Eval Acc: 0.842761, PSNR: 12.510774
epoch: 496, Train Loss: 0.478815, Train Acc: 0.837120, Eval Loss: 0.462884, Eval Acc: 0.844739, PSNR: 12.361378
epoch: 497, Train Loss: 0.479665, Train Acc: 0.837470, Eval Loss: 0.464655, Eval Acc: 0.844640, PSNR: 12.617220
epoch: 498, Train Loss: 0.479530, Train Acc: 0.837154, Eval Loss: 0.463575, Eval Acc: 0.844640, PSNR: 12.887277
epoch: 499, Train Loss: 0.477915, Train Acc: 0.836271, Eval Loss: 0.464348, Eval Acc: 0.845134, PSNR: 12.448296